ahma0001.xml,001,לא,he,0,"<w  xml:id=""ahma0001-001"" xml:lang=""he""><supplied reason=""undefined"">לא</supplied></w>"
ahma0001.xml,002,תמוש,he,0,"<w  xml:id=""ahma0001-002"" xml:lang=""he"">תמוש</w>"
ahma0001.xml,003,משמר,he,0,"<w  xml:id=""ahma0001-003"" xml:lang=""he"">משמר</w>"
ahma0001.xml,004,חוקותיו,he,0,"<w  xml:id=""ahma0001-004"" xml:lang=""he""><supplied reason=""lost"">חוקותיו</supplied></w>"
ahma0001.xml,005,ומעשות,he,0,"<w  xml:id=""ahma0001-005"" xml:lang=""he""><supplied reason=""lost"">ומעשות</supplied></w>"
ahma0001.xml,006,מצוותיו,he,0,"<w  xml:id=""ahma0001-006"" xml:lang=""he""><supplied reason=""lost"">מצוותיו</supplied></w>"
akld0011.xml,001,חנה,he,0,"<w  xml:id=""akld0011-001"" xml:lang=""he"">חנה</w>"
akld0012.xml,001,חנה,he,0,"<w  xml:id=""akld0012-001"" xml:lang=""he"">חנה</w>"
akld0016.xml,001,הלנא,he,0,"<w  xml:id=""akld0016-001"" xml:lang=""he"">הלנא</w>"
akld0019.xml,001,שלמציון,he,0,"<w  xml:id=""akld0019-001"" xml:lang=""he"">שלמציון</w>"
akld0020.xml,002,אריסטון,he,0,"<w  xml:id=""akld0020-002"" xml:lang=""he"">אריסטון</w>"
akld0020.xml,003,אפמי,he,0,"<w  xml:id=""akld0020-003"" xml:lang=""he"">אפמי</w>"
akld0020.xml,004,יהודה,he,0,"<w  xml:id=""akld0020-004"" xml:lang=""he"">יהודה</w>"
akld0020.xml,005,הגיור,he,0,"<w  xml:id=""akld0020-005"" xml:lang=""he"">הגיור</w>"
akld0021.xml,001,שבתי,he,0,"<w  xml:id=""akld0021-001"" xml:lang=""he"">שבתי</w>"
akld0021.xml,002,בן,he,0,"<w  xml:id=""akld0021-002"" xml:lang=""he"">בן</w>"
akld0021.xml,003,נחמיה,he,0,"<w  xml:id=""akld0021-003"" xml:lang=""he"">נחמיה</w>"
akld0023.xml,001,"נטירא,",he,0,"<w  xml:id=""akld0023-001"" xml:lang=""he"">נטירא,</w>"
akld0023.xml,002,אחיא,he,0,"<w  xml:id=""akld0023-002"" xml:lang=""he"">אחיא</w>"
akld0023.xml,003,"אבא,",he,0,"<w  xml:id=""akld0023-003"" xml:lang=""he"">אבא,</w>"
akld0023.xml,004,אמא,he,0,"<w  xml:id=""akld0023-004"" xml:lang=""he"">אמא</w>"
akld0023.xml,005,דנטירא,he,0,"<w  xml:id=""akld0023-005"" xml:lang=""he"">דנטירא</w>"
akld0024.xml,003,שלום,he,0,"<w  xml:id=""akld0024-003"" xml:lang=""he"">שלום</w>"
akld0024.xml,004,בת,he,0,"<w  xml:id=""akld0024-004"" xml:lang=""he"">בת</w>"
akld0024.xml,005,ארסטון,he,0,"<w  xml:id=""akld0024-005"" xml:lang=""he"">ארסטון</w>"
anna0001.xml,001,מתיה,he,0,"<w  xml:id=""anna0001-001"" xml:lang=""he"">מתיה</w>"
anna0002.xml,001,תפלה,he,0,"<w  xml:id=""anna0002-001"" xml:lang=""he"">תפלה</w>"
anna0002.xml,002,תפלה,he,0,"<w  xml:id=""anna0002-002"" xml:lang=""he"">תפלה</w>"
anna0003.xml,001,שבי,he,0,"<w  xml:id=""anna0003-001"" xml:lang=""he"">ש<unclear>ב</unclear>י</w>"
anna0003.xml,002,בן,he,0,"<w  xml:id=""anna0003-002"" xml:lang=""he"">בן</w>"
anna0003.xml,003,יהוסף,he,0,"<w  xml:id=""anna0003-003"" xml:lang=""he"">יהוסף</w>"
anna0004.xml,001,שבי,he,0,"<w  xml:id=""anna0004-001"" xml:lang=""he"">שבי</w>"
anna0004.xml,002,בן,he,0,"<w  xml:id=""anna0004-002"" xml:lang=""he"">בן</w>"
beth0227.xml,001,זה,he,0,"<w  xml:id=""beth0227-001"" xml:lang=""he"">זה</w>"
beth0227.xml,002,משכבו,he,0,"<w  xml:id=""beth0227-002"" xml:lang=""he"">משכבו</w>"
beth0227.xml,003,של,he,0,"<w  xml:id=""beth0227-003"" xml:lang=""he"">של</w>"
beth0227.xml,004,יודן,he,0,"<w  xml:id=""beth0227-004"" xml:lang=""he"">יודן</w>"
beth0227.xml,005,בן,he,0,"<w  xml:id=""beth0227-005"" xml:lang=""he"">בן</w>"
beth0227.xml,006,לוי,he,0,"<w  xml:id=""beth0227-006"" xml:lang=""he"">לוי</w>"
beth0227.xml,007,לוי,he,0,"<w  xml:id=""beth0227-007"" xml:lang=""he"">לוי</w>"
beth0227.xml,008,לעולם,he,0,"<w  xml:id=""beth0227-008"" xml:lang=""he"">לעולם</w>"
beth0227.xml,009,בשלום,he,0,"<w  xml:id=""beth0227-009"" xml:lang=""he"">בשלום</w>"
beth0227.xml,010,יהי,he,0,"<w  xml:id=""beth0227-010"" xml:lang=""he"">יהי</w>"
beth0227.xml,011,שוי,he,0,"<w  xml:id=""beth0227-011"" xml:lang=""he"">שוי</w>"
beth0227.xml,012,שוי,he,0,"<w  xml:id=""beth0227-012"" xml:lang=""he"">שוי</w>"
beth0227.xml,013,משכבו,he,0,"<w  xml:id=""beth0227-013"" xml:lang=""he"">משכבו</w>"
beth0227.xml,014,בשלום,he,0,"<w  xml:id=""beth0227-014"" xml:lang=""he"">בשלום</w>"
beth0227.xml,015,של,he,0,"<w  xml:id=""beth0227-015"" xml:lang=""he"">של</w>"
beth0227.xml,016,יודן,he,0,"<w  xml:id=""beth0227-016"" xml:lang=""he"">יודן</w>"
beth0227.xml,017,בן,he,0,"<w  xml:id=""beth0227-017"" xml:lang=""he"">בן</w>"
beth0227.xml,018,לוי,he,0,"<w  xml:id=""beth0227-018"" xml:lang=""he"">לוי</w>"
beth0228.xml,001,זה,he,0,"<w  xml:id=""beth0228-001"" xml:lang=""he"">זה</w>"
beth0228.xml,002,משכבו,he,0,"<w  xml:id=""beth0228-002"" xml:lang=""he"">משכבו</w>"
beth0228.xml,003,של,he,0,"<w  xml:id=""beth0228-003"" xml:lang=""he"">של</w>"
beth0228.xml,004,יודן,he,0,"<w  xml:id=""beth0228-004"" xml:lang=""he"">יודן</w>"
beth0228.xml,005,בן,he,0,"<w  xml:id=""beth0228-005"" xml:lang=""he"">בן</w>"
beth0228.xml,006,לווי,he,0,"<w  xml:id=""beth0228-006"" xml:lang=""he"">לווי</w>"
beth0228.xml,007,לעום,he,0,"<w  xml:id=""beth0228-007"" xml:lang=""he"">לעום</w>"
beth0229.xml,001,טבלה,he,0,"<w  xml:id=""beth0229-001"" xml:lang=""he"">טבלה</w>"
beth0230.xml,001,רבי,he,0,"<w  xml:id=""beth0230-001"" xml:lang=""he"">רבי</w>"
beth0230.xml,002,שמעון,he,0,"<w  xml:id=""beth0230-002"" xml:lang=""he"">שמעון</w>"
beth0233.xml,001,אנינא,he,0,"<w  xml:id=""beth0233-001"" xml:lang=""he"">אנינא</w>"
beth0233.xml,002,הקטן,he,0,"<w  xml:id=""beth0233-002"" xml:lang=""he"">הקטן</w>"
beth0234.xml,001,אב,he,0,"<w  xml:id=""beth0234-001"" xml:lang=""he"">אב</w>"
beth0234.xml,002,על,he,0,"<w  xml:id=""beth0234-002"" xml:lang=""he"">על</w>"
beth0235.xml,001,אחיה,he,0,"<w  xml:id=""beth0235-001"" xml:lang=""he"">אחיה</w>"
beth0236.xml,001,שלום,he,0,"<w  xml:id=""beth0236-001"" xml:lang=""he"">שלום</w>"
beth0236.xml,002,על,he,0,"<w  xml:id=""beth0236-002"" xml:lang=""he"">ע<supplied reason=""undefined"">ל</supplied></w>"
beth0237.xml,001,כן,he,0,"<w  xml:id=""beth0237-001"" xml:lang=""he"">כן</w>"
beth0237.xml,002,הן,he,0,"<w  xml:id=""beth0237-002"" xml:lang=""he"">הן</w>"
beth0237.xml,003,מנחות,he,0,"<w  xml:id=""beth0237-003"" xml:lang=""he"">מנחות</w>"
beth0237.xml,004,אטיו,he,0,"<w  xml:id=""beth0237-004"" xml:lang=""he"">אטיו</w>"
beth0237.xml,005,בתו,he,0,"<w  xml:id=""beth0237-005"" xml:lang=""he"">בתו</w>"
beth0237.xml,006,של,he,0,"<w  xml:id=""beth0237-006"" xml:lang=""he"">של</w>"
beth0237.xml,007,רבי,he,0,"<w  xml:id=""beth0237-007"" xml:lang=""he"">רבי</w>"
beth0237.xml,008,גמליאל,he,0,"<w  xml:id=""beth0237-008"" xml:lang=""he"">גמליאל</w>"
beth0237.xml,009,בן,he,0,"<w  xml:id=""beth0237-009"" xml:lang=""he"">בן</w>"
beth0237.xml,010,נחמיה,he,0,"<w  xml:id=""beth0237-010"" xml:lang=""he"">נחמיה</w>"
beth0237.xml,011,שמתה,he,0,"<w  xml:id=""beth0237-011"" xml:lang=""he"">שמתה</w>"
beth0237.xml,012,בתולה,he,0,"<w  xml:id=""beth0237-012"" xml:lang=""he"">בתולה</w>"
beth0237.xml,013,בת,he,0,"<w  xml:id=""beth0237-013"" xml:lang=""he"">בת</w>"
beth0237.xml,014,עשרין,he,0,"<w  xml:id=""beth0237-014"" xml:lang=""he"">עשרין</w>"
beth0237.xml,015,ושתים,he,0,"<w  xml:id=""beth0237-015"" xml:lang=""he"">ושתים</w>"
beth0237.xml,016,שנה,he,0,"<w  xml:id=""beth0237-016"" xml:lang=""he"">שנה</w>"
beth0237.xml,017,ואטיון,he,0,"<w  xml:id=""beth0237-017"" xml:lang=""he"">ואטיון</w>"
beth0237.xml,018,בתו,he,0,"<w  xml:id=""beth0237-018"" xml:lang=""he"">בתו</w>"
beth0237.xml,019,של,he,0,"<w  xml:id=""beth0237-019"" xml:lang=""he"">של</w>"
beth0237.xml,020,רבי,he,0,"<w  xml:id=""beth0237-020"" xml:lang=""he"">רבי</w>"
beth0237.xml,021,יהודה,he,0,"<w  xml:id=""beth0237-021"" xml:lang=""he"">יהודה</w>"
beth0237.xml,022,בנו,he,0,"<w  xml:id=""beth0237-022"" xml:lang=""he"">בנו</w>"
beth0237.xml,023,של,he,0,"<w  xml:id=""beth0237-023"" xml:lang=""he"">של</w>"
beth0237.xml,024,רבי,he,0,"<w  xml:id=""beth0237-024"" xml:lang=""he"">רבי</w>"
beth0237.xml,025,גמליאל,he,0,"<w  xml:id=""beth0237-025"" xml:lang=""he"">גמליאל</w>"
beth0237.xml,026,שמתה,he,0,"<w  xml:id=""beth0237-026"" xml:lang=""he"">שמתה</w>"
beth0237.xml,027,בת,he,0,"<w  xml:id=""beth0237-027"" xml:lang=""he"">בת</w>"
beth0237.xml,028,תשע,he,0,"<w  xml:id=""beth0237-028"" xml:lang=""he"">תשע</w>"
beth0237.xml,029,שנים,he,0,"<w  xml:id=""beth0237-029"" xml:lang=""he"">שנים</w>"
beth0237.xml,030,וששה,he,0,"<w  xml:id=""beth0237-030"" xml:lang=""he"">וששה</w>"
beth0237.xml,031,חודשים,he,0,"<w  xml:id=""beth0237-031"" xml:lang=""he"">חודשים</w>"
beth0237.xml,032,עמידתן,he,0,"<w  xml:id=""beth0237-032"" xml:lang=""he"">עמידת<supplied reason=""lost"">ן</supplied></w>"
beth0237.xml,033,עם,he,0,"<w  xml:id=""beth0237-033"" xml:lang=""he""><supplied reason=""lost"">עם</supplied></w>"
beth0237.xml,034,הצדיקים,he,0,"<w  xml:id=""beth0237-034"" xml:lang=""he""><supplied reason=""lost"">הצדיקים</supplied></w>"
beth0238.xml,001,רבי,he,0,"<w  xml:id=""beth0238-001"" xml:lang=""he"">רבי</w>"
beth0238.xml,002,יהושוע,he,0,"<w  xml:id=""beth0238-002"" xml:lang=""he"">יהושוע</w>"
beth0238.xml,003,בירבי,he,0,"<w  xml:id=""beth0238-003"" xml:lang=""he"">בירבי</w>"
beth0238.xml,004,הלל,he,0,"<w  xml:id=""beth0238-004"" xml:lang=""he"">הלל</w>"
beth0238.xml,005,בן,he,0,"<w  xml:id=""beth0238-005"" xml:lang=""he"">בן</w>"
beth0238.xml,006,אטיון,he,0,"<w  xml:id=""beth0238-006"" xml:lang=""he"">אטיון</w>"
beth0238.xml,007,משכבו,he,0,"<w  xml:id=""beth0238-007"" xml:lang=""he"">מש<supplied reason=""undefined"">כבו</supplied></w>"
beth0238.xml,008,בשלום,he,0,"<w  xml:id=""beth0238-008"" xml:lang=""he"">בשלום</w>"
beth0239.xml,001,אלו,he,0,"<w  xml:id=""beth0239-001"" xml:lang=""he"">אלו</w>"
beth0239.xml,002,ארונות,he,0,"<w  xml:id=""beth0239-002"" xml:lang=""he"">ארונות</w>"
beth0239.xml,003,הפנימית,he,0,"<w  xml:id=""beth0239-003"" xml:lang=""he"">הפנימית</w>"
beth0239.xml,004,והחיצונית,he,0,"<w  xml:id=""beth0239-004"" xml:lang=""he"">והחיצונית</w>"
beth0239.xml,005,של,he,0,"<w  xml:id=""beth0239-005"" xml:lang=""he"">של</w>"
beth0239.xml,006,רבי,he,0,"<w  xml:id=""beth0239-006"" xml:lang=""he"">רבי</w>"
beth0239.xml,007,אניאנה,he,0,"<w  xml:id=""beth0239-007"" xml:lang=""he"">אניאנה</w>"
beth0239.xml,008,ושל,he,0,"<w  xml:id=""beth0239-008"" xml:lang=""he"">וש<supplied reason=""lost"">ל</supplied></w>"
beth0239.xml,009,רבי,he,0,"<w  xml:id=""beth0239-009"" xml:lang=""he""><supplied reason=""lost"">רבי</supplied></w>"
beth0239.xml,010,הקדושים,he,0,"<w  xml:id=""beth0239-010"" xml:lang=""he"">הקדושים</w>"
beth0239.xml,011,בניו,he,0,"<w  xml:id=""beth0239-011"" xml:lang=""he"">בניו</w>"
beth0239.xml,012,ש,he,0,"<w  xml:id=""beth0239-012"" xml:lang=""he"">ש</w>"
beth0239.xml,013,רבי,he,0,"<w  xml:id=""beth0239-013"" xml:lang=""he""><supplied reason=""undefined"">רבי</supplied></w>"
beth0240.xml,001,קירילא,he,0,"<w  xml:id=""beth0240-001"" xml:lang=""he"">קירילא</w>"
beth0241.xml,001,קירה,he,0,"<w  xml:id=""beth0241-001"" xml:lang=""he"">קירה</w>"
beth0241.xml,005,שלום,he,0,"<w  xml:id=""beth0241-005"" xml:lang=""he"">שלום</w>"
beth0242.xml,001,מנוחתה,he,0,"<w  xml:id=""beth0242-001"" xml:lang=""he"">מנוחתה</w>"
beth0242.xml,002,של,he,0,"<w  xml:id=""beth0242-002"" xml:lang=""he"">של</w>"
beth0242.xml,003,קירה,he,0,"<w  xml:id=""beth0242-003"" xml:lang=""he"">קירה</w>"
beth0242.xml,004,דומנה,he,0,"<w  xml:id=""beth0242-004"" xml:lang=""he"">דומנה</w>"
beth0243.xml,001,מרים,he,0,"<w  xml:id=""beth0243-001"" xml:lang=""he"">מרים</w>"
beth0243.xml,002,בתו,he,0,"<w  xml:id=""beth0243-002"" xml:lang=""he"">בתו</w>"
beth0243.xml,003,של,he,0,"<w  xml:id=""beth0243-003"" xml:lang=""he"">של</w>"
beth0243.xml,004,רבי,he,0,"<w  xml:id=""beth0243-004"" xml:lang=""he"">רבי</w>"
beth0243.xml,005,יונתן,he,0,"<w  xml:id=""beth0243-005"" xml:lang=""he"">יונתן</w>"
beth0243.xml,006,עם,he,0,"<w  xml:id=""beth0243-006"" xml:lang=""he"">עם</w>"
beth0243.xml,007,שתי,he,0,"<w  xml:id=""beth0243-007"" xml:lang=""he"">שתי</w>"
beth0243.xml,008,בנותיה,he,0,"<w  xml:id=""beth0243-008"" xml:lang=""he"">בנותיה</w>"
beth0244.xml,001,זוא,he,0,"<w  xml:id=""beth0244-001"" xml:lang=""he"">זוא</w>"
beth0244.xml,002,ארונן,he,0,"<w  xml:id=""beth0244-002"" xml:lang=""he"">ארונן</w>"
beth0244.xml,003,של,he,0,"<w  xml:id=""beth0244-003"" xml:lang=""he"">של</w>"
beth0244.xml,004,שלושת,he,0,"<w  xml:id=""beth0244-004"" xml:lang=""he"">שלושת</w>"
beth0244.xml,005,בניו,he,0,"<w  xml:id=""beth0244-005"" xml:lang=""he"">בניו</w>"
beth0244.xml,006,של,he,0,"<w  xml:id=""beth0244-006"" xml:lang=""he"">של</w>"
beth0244.xml,007,רבי,he,0,"<w  xml:id=""beth0244-007"" xml:lang=""he"">רבי</w>"
beth0244.xml,008,יודן,he,0,"<w  xml:id=""beth0244-008"" xml:lang=""he"">יודן</w>"
beth0244.xml,009,בנו,he,0,"<w  xml:id=""beth0244-009"" xml:lang=""he"">בנו</w>"
beth0244.xml,010,של,he,0,"<w  xml:id=""beth0244-010"" xml:lang=""he"">של</w>"
beth0244.xml,011,רבי,he,0,"<w  xml:id=""beth0244-011"" xml:lang=""he"">רבי</w>"
beth0244.xml,012,מיאשה,he,0,"<w  xml:id=""beth0244-012"" xml:lang=""he"">מיאשה</w>"
beth0245.xml,001,זו,he,0,"<w  xml:id=""beth0245-001"" xml:lang=""he"">זו</w>"
beth0245.xml,002,ארונו,he,0,"<w  xml:id=""beth0245-002"" xml:lang=""he"">ארונו</w>"
beth0245.xml,003,של,he,0,"<w  xml:id=""beth0245-003"" xml:lang=""he"">של</w>"
beth0245.xml,004,רבי,he,0,"<w  xml:id=""beth0245-004"" xml:lang=""he"">רבי</w>"
beth0245.xml,005,יושוע,he,0,"<w  xml:id=""beth0245-005"" xml:lang=""he"">יושוע</w>"
beth0246.xml,001,זו,he,0,"<w  xml:id=""beth0246-001"" xml:lang=""he"">זו</w>"
beth0246.xml,002,ארונו,he,0,"<w  xml:id=""beth0246-002"" xml:lang=""he"">ארו<supplied reason=""undefined"">נ</supplied>ו</w>"
beth0246.xml,003,של,he,0,"<w  xml:id=""beth0246-003"" xml:lang=""he"">של</w>"
beth0246.xml,004,קירה,he,0,"<w  xml:id=""beth0246-004"" xml:lang=""he"">קירה</w>"
beth0246.xml,005,מגה,he,0,"<w  xml:id=""beth0246-005"" xml:lang=""he"">מגה</w>"
beth0246.xml,006,אשתו,he,0,"<w  xml:id=""beth0246-006"" xml:lang=""he"">אשתו</w>"
beth0246.xml,007,של,he,0,"<w  xml:id=""beth0246-007"" xml:lang=""he"">של</w>"
beth0246.xml,008,רבי,he,0,"<w  xml:id=""beth0246-008"" xml:lang=""he"">רבי</w>"
beth0246.xml,009,יהושוע,he,0,"<w  xml:id=""beth0246-009"" xml:lang=""he"">יהושוע</w>"
beth0246.xml,010,בן,he,0,"<w  xml:id=""beth0246-010"" xml:lang=""he"">בן</w>"
beth0246.xml,011,לווי,he,0,"<w  xml:id=""beth0246-011"" xml:lang=""he"">לווי</w>"
beth0246.xml,012,שלום,he,0,"<w  xml:id=""beth0246-012"" xml:lang=""he"">שלום</w>"
beth0247.xml,001,הארון,he,0,"<w  xml:id=""beth0247-001"" xml:lang=""he"">הארון</w>"
beth0247.xml,002,הזה,he,0,"<w  xml:id=""beth0247-002"" xml:lang=""he"">הזה</w>"
beth0247.xml,003,של,he,0,"<w  xml:id=""beth0247-003"" xml:lang=""he""><supplied reason=""undefined"">של</supplied></w>"
beth0247.xml,004,בתו,he,0,"<w  xml:id=""beth0247-004"" xml:lang=""he"">בתו</w>"
beth0247.xml,005,של,he,0,"<w  xml:id=""beth0247-005"" xml:lang=""he"">של</w>"
beth0247.xml,006,רבי,he,0,"<w  xml:id=""beth0247-006"" xml:lang=""he"">רבי</w>"
beth0247.xml,007,יהושוע,he,0,"<w  xml:id=""beth0247-007"" xml:lang=""he"">יהושוע</w>"
beth0247.xml,008,זכר,he,0,"<w  xml:id=""beth0247-008"" xml:lang=""he"">זכר</w>"
beth0247.xml,009,צדיקים,he,0,"<w  xml:id=""beth0247-009"" xml:lang=""he"">צדיקים</w>"
beth0247.xml,010,לברכה,he,0,"<w  xml:id=""beth0247-010"" xml:lang=""he"">לברכה</w>"
beth0248.xml,001,זה,he,0,"<w  xml:id=""beth0248-001"" xml:lang=""he"">זה</w>"
beth0248.xml,002,ארונו,he,0,"<w  xml:id=""beth0248-002"" xml:lang=""he"">ארונו</w>"
beth0248.xml,003,של,he,0,"<w  xml:id=""beth0248-003"" xml:lang=""he"">ש<supplied reason=""lost"">ל</supplied></w>"
beth0248.xml,004,רבי,he,0,"<w  xml:id=""beth0248-004"" xml:lang=""he""><supplied reason=""lost"">רבי</supplied></w>"
beth0248.xml,005,גמליאל,he,0,"<w  xml:id=""beth0248-005"" xml:lang=""he"">גמליאל</w>"
beth0248.xml,006,בנו,he,0,"<w  xml:id=""beth0248-006"" xml:lang=""he"">בנו</w>"
beth0248.xml,007,של,he,0,"<w  xml:id=""beth0248-007"" xml:lang=""he"">של</w>"
beth0248.xml,008,רבי,he,0,"<w  xml:id=""beth0248-008"" xml:lang=""he"">רבי</w>"
beth0248.xml,009,אליעזר,he,0,"<w  xml:id=""beth0248-009"" xml:lang=""he"">אליעזר</w>"
beth0248.xml,010,שמת,he,0,"<w  xml:id=""beth0248-010"" xml:lang=""he""><supplied reason=""undefined"">שמת</supplied></w>"
beth0248.xml,011,בן,he,0,"<w  xml:id=""beth0248-011"" xml:lang=""he"">בן</w>"
beth0248.xml,012,שבע,he,0,"<w  xml:id=""beth0248-012"" xml:lang=""he"">שבע</w>"
beth0248.xml,013,עשרה,he,0,"<w  xml:id=""beth0248-013"" xml:lang=""he"">עשרה</w>"
beth0248.xml,014,שנה,he,0,"<w  xml:id=""beth0248-014"" xml:lang=""he"">שנה</w>"
beth0248.xml,015,זכר,he,0,"<w  xml:id=""beth0248-015"" xml:lang=""he"">זכר</w>"
beth0248.xml,016,צדיק,he,0,"<w  xml:id=""beth0248-016"" xml:lang=""he"">צדיק</w>"
beth0248.xml,017,לברכה,he,0,"<w  xml:id=""beth0248-017"" xml:lang=""he"">לברכה</w>"
beth0249.xml,001,יהודה,he,0,"<w  xml:id=""beth0249-001"" xml:lang=""he"">יהודה</w>"
beth0250.xml,001,זו,he,0,"<w  xml:id=""beth0250-001"" xml:lang=""he"">זו</w>"
beth0250.xml,002,ארונו,he,0,"<w  xml:id=""beth0250-002"" xml:lang=""he"">ארונו</w>"
beth0250.xml,003,של,he,0,"<w  xml:id=""beth0250-003"" xml:lang=""he"">של</w>"
beth0250.xml,004,רבי,he,0,"<w  xml:id=""beth0250-004"" xml:lang=""he"">רבי</w>"
beth0250.xml,005,הליל,he,0,"<w  xml:id=""beth0250-005"" xml:lang=""he"">הליל</w>"
beth0250.xml,006,בנו,he,0,"<w  xml:id=""beth0250-006"" xml:lang=""he"">בנו</w>"
beth0250.xml,007,של,he,0,"<w  xml:id=""beth0250-007"" xml:lang=""he"">של</w>"
beth0250.xml,008,רבי,he,0,"<w  xml:id=""beth0250-008"" xml:lang=""he"">רבי</w>"
beth0250.xml,009,לווי,he,0,"<w  xml:id=""beth0250-009"" xml:lang=""he"">לווי</w>"
beth0250.xml,010,שעשה,he,0,"<w  xml:id=""beth0250-010"" xml:lang=""he"">שעשה</w>"
beth0250.xml,011,את,he,0,"<w  xml:id=""beth0250-011"" xml:lang=""he"">את</w>"
beth0250.xml,012,המערה,he,0,"<w  xml:id=""beth0250-012"" xml:lang=""he"">המערה</w>"
beth0250.xml,013,הזו,he,0,"<w  xml:id=""beth0250-013"" xml:lang=""he"">הזו</w>"
beth0251.xml,001,קרילס,he,0,"<w  xml:id=""beth0251-001"" xml:lang=""he""><supplied reason=""undefined"">ק</supplied>רילס</w>"
beth0251.xml,002,ומירים,he,0,"<w  xml:id=""beth0251-002"" xml:lang=""he"">ומירים</w>"
beth0255.xml,001,הקבר,he,0,"<w  xml:id=""beth0255-001"" xml:lang=""he"">הקבר</w>"
beth0255.xml,002,הזה,he,0,"<w  xml:id=""beth0255-002"" xml:lang=""he"">הזה</w>"
beth0255.xml,003,של,he,0,"<w  xml:id=""beth0255-003"" xml:lang=""he"">של</w>"
beth0255.xml,004,רבי,he,0,"<w  xml:id=""beth0255-004"" xml:lang=""he"">רבי</w>"
beth0255.xml,005,יצחק,he,0,"<w  xml:id=""beth0255-005"" xml:lang=""he"">יצחק</w>"
beth0255.xml,006,בר,he,0,"<w  xml:id=""beth0255-006"" xml:lang=""he"">בר</w>"
beth0255.xml,007,מקים,he,0,"<w  xml:id=""beth0255-007"" xml:lang=""he"">מקים</w>"
beth0255.xml,008,שלום,he,0,"<w  xml:id=""beth0255-008"" xml:lang=""he"">שלום</w>"
beth0256.xml,001,יהודה,he,0,"<w  xml:id=""beth0256-001"" xml:lang=""he"">יהודה</w>"
beth0256.xml,002,הקטן,he,0,"<w  xml:id=""beth0256-002"" xml:lang=""he"">הקטן</w>"
beth0257.xml,001,פאריגרי,he,0,"<w  xml:id=""beth0257-001"" xml:lang=""he"">פאריגרי</w>"
beth0258.xml,001,יצחק,he,0,"<w  xml:id=""beth0258-001"" xml:lang=""he"">יצחק</w>"
beth0258.xml,002,בן,he,0,"<w  xml:id=""beth0258-002"" xml:lang=""he"">בן</w>"
beth0258.xml,003,יוסף,he,0,"<w  xml:id=""beth0258-003"" xml:lang=""he"">יוסף</w>"
beth0258.xml,004,ביריבי,he,0,"<w  xml:id=""beth0258-004"" xml:lang=""he"">ביריבי</w>"
beth0259.xml,002,יוסף,he,0,"<w  xml:id=""beth0259-002"" xml:lang=""he"">יוסף</w>"
beth0259.xml,003,יצחק,he,0,"<w  xml:id=""beth0259-003"" xml:lang=""he"">יצחק</w>"
beth0259.xml,004,בן,he,0,"<w  xml:id=""beth0259-004"" xml:lang=""he"">בן</w>"
beth0260.xml,001,כוהנים,he,0,"<w  xml:id=""beth0260-001"" xml:lang=""he"">כוהנים</w>"
beth0261.xml,001,המקום,he,0,"<w  xml:id=""beth0261-001"" xml:lang=""he"">ה<unclear>מ</unclear>קו<unclear>ם</unclear></w>"
beth0261.xml,002,הזה,he,0,"<w  xml:id=""beth0261-002"" xml:lang=""he"">ה<unclear>ז</unclear>ה</w>"
beth0261.xml,003,של,he,0,"<w  xml:id=""beth0261-003"" xml:lang=""he"">של</w>"
beth0261.xml,004,כוהנים,he,0,"<w  xml:id=""beth0261-004"" xml:lang=""he"">כוהנ<unclear>י</unclear>ם</w>"
beth0261.xml,005,חבל,he,0,"<w  xml:id=""beth0261-005"" xml:lang=""he"">ח<unclear>בל</unclear></w>"
beth0262.xml,001,רות,he,0,"<w  xml:id=""beth0262-001"" xml:lang=""he"">רות</w>"
beth0262.xml,002,רות,he,0,"<w  xml:id=""beth0262-002"" xml:lang=""he"">רות</w>"
beth0263.xml,002,הטוב,he,0,"<w  xml:id=""beth0263-002"" xml:lang=""he"">הטוב</w>"
beth0265.xml,001,יהודה,he,0,"<w  xml:id=""beth0265-001"" xml:lang=""he""><unclear>יה</unclear>ודה</w>"
beth0266.xml,001,שלום,he,0,"<w  xml:id=""beth0266-001"" xml:lang=""he""><unclear>ש</unclear>לום</w>"
beth0268.xml,001,שלום,he,0,"<w  xml:id=""beth0268-001"" xml:lang=""he"">שלום</w>"
beth0269.xml,001,שלום,he,0,"<w  xml:id=""beth0269-001"" xml:lang=""he"">שלום</w>"
beth0270.xml,001,שלום,he,0,"<w  xml:id=""beth0270-001"" xml:lang=""he"">שלום</w>"
beth0271.xml,001,נפש,he,0,"<w  xml:id=""beth0271-001"" xml:lang=""he""><unclear>נ</unclear>פש</w>"
beth0271.xml,002,ניחמיה,he,0,"<w  xml:id=""beth0271-002"" xml:lang=""he"">ניחמיה</w>"
beth0272.xml,001,לאונטיס,he,0,"<w  xml:id=""beth0272-001"" xml:lang=""he"">לאונ<unclear>ט</unclear>יס</w>"
beth0274.xml,001,שלום,he,0,"<w  xml:id=""beth0274-001"" xml:lang=""he"">שלום</w>"
beth0274.xml,002,ליודן,he,0,"<w  xml:id=""beth0274-002"" xml:lang=""he"">ליודן</w>"
beth0276.xml,001,שלום,he,0,"<w  xml:id=""beth0276-001"" xml:lang=""he""><unclear>ש</unclear>ל<unclear>ו</unclear>ם</w>"
bloy0001.xml,001,יהוה,he,0,"<w  xml:id=""bloy0001-001"" xml:lang=""he""><unclear>יהוה</unclear></w>"
bloy0001.xml,002,אלהי,he,0,"<w  xml:id=""bloy0001-002"" xml:lang=""he"">אלהי</w>"
bloy0001.xml,003,כל,he,0,"<w  xml:id=""bloy0001-003"" xml:lang=""he""><unclear>כל</unclear></w>"
bloy0001.xml,004,הארץ,he,0,"<w  xml:id=""bloy0001-004"" xml:lang=""he"">הארץ</w>"
bloy0001.xml,005,הרי,he,0,"<w  xml:id=""bloy0001-005"" xml:lang=""he"">הר<unclear>י</unclear></w>"
bloy0001.xml,006,יהד,he,0,"<w  xml:id=""bloy0001-006"" xml:lang=""he"">יה<unclear>ד</unclear></w>"
bloy0001.xml,007,לו,he,0,"<w  xml:id=""bloy0001-007"" xml:lang=""he""><unclear>ל</unclear>ו</w>"
bloy0001.xml,008,לאלהי,he,0,"<w  xml:id=""bloy0001-008"" xml:lang=""he"">לאל<unclear>ה</unclear>י</w>"
bloy0001.xml,009,ירשלם,he,0,"<w  xml:id=""bloy0001-009"" xml:lang=""he"">ירשלם</w>"
bloy0002.xml,001,המוריה,he,0,"<w  xml:id=""bloy0002-001"" xml:lang=""he"">ה<unclear>מ</unclear>וריה</w>"
bloy0002.xml,002,אתה,he,0,"<w  xml:id=""bloy0002-002"" xml:lang=""he"">אתה</w>"
bloy0002.xml,003,חננת,he,0,"<w  xml:id=""bloy0002-003"" xml:lang=""he""><unclear>חננת</unclear></w>"
bloy0002.xml,004,נוה,he,0,"<w  xml:id=""bloy0002-004"" xml:lang=""he"">נוה</w>"
bloy0002.xml,005,יה,he,0,"<w  xml:id=""bloy0002-005"" xml:lang=""he"">יה</w>"
bloy0002.xml,006,יהוה,he,0,"<w  xml:id=""bloy0002-006"" xml:lang=""he"">יה<unclear>ו</unclear>ה</w>"
bshe0101.xml,001,הרם,he,0,"<w  xml:id=""bshe0101-001"" xml:lang=""he"">הרם</w>"
bshe0101.xml,002,הו,he,0,"<w  xml:id=""bshe0101-002"" xml:lang=""he"">הו</w>"
bshe0101.xml,003,תזרה,he,0,"<w  xml:id=""bshe0101-003"" xml:lang=""he"">תזרה</w>"
bshe0101.xml,004,לא,he,0,"<w  xml:id=""bshe0101-004"" xml:lang=""he"">לא</w>"
bshe0101.xml,005,תצמח,he,0,"<w  xml:id=""bshe0101-005"" xml:lang=""he"">תצמח</w>"
byam0001.xml,001,לבעלצח,he,0,"<w  xml:id=""byam0001-001"" xml:lang=""he"">לבעלצח</w>"
caes0500.xml,001,אין,he,0,"<w  xml:id=""caes0500-001"" xml:lang=""he"">אין</w>"
caes0500.xml,002,כאל,he,0,"<w  xml:id=""caes0500-002"" xml:lang=""he"">כאל</w>"
caes0500.xml,003,ישרון,he,0,"<w  xml:id=""caes0500-003"" xml:lang=""he"">ישרון</w>"
caes0518.xml,001,הקבר,he,0,"<w  xml:id=""caes0518-001"" xml:lang=""he"">הקב<supplied reason=""lost"">ר</supplied></w>"
caes0518.xml,002,הזה,he,0,"<w  xml:id=""caes0518-002"" xml:lang=""he""><supplied reason=""lost"">הזה</supplied></w>"
caes0518.xml,003,שלום,he,0,"<w  xml:id=""caes0518-003"" xml:lang=""he"">שלום</w>"
caes0518.xml,004,בן,he,0,"<w  xml:id=""caes0518-004"" xml:lang=""he"">ב<supplied reason=""lost"">ן</supplied></w>"
caes0518.xml,005,פלוף,he,0,"<w  xml:id=""caes0518-005"" xml:lang=""he""><supplied reason=""lost"">פלוף</supplied></w>"
caes0519.xml,001,מרדכי,he,0,"<w  xml:id=""caes0519-001"" xml:lang=""he""><supplied reason=""lost"">מ</supplied>רדכי</w>"
caes0552b.xml,001,אין,he,0,"<w  xml:id=""caes0552b-001"" xml:lang=""he"">אין</w>"
caes0552b.xml,002,כאל,he,0,"<w  xml:id=""caes0552b-002"" xml:lang=""he"">כאל</w>"
caes0552b.xml,003,ישרון,he,0,"<w  xml:id=""caes0552b-003"" xml:lang=""he"">ישרון</w>"
caes0684.xml,001,משמר,he,0,"<w  xml:id=""caes0684-001"" xml:lang=""he""><supplied reason=""lost"">משמר</supplied></w>"
caes0684.xml,002,שבע,he,0,"<w  xml:id=""caes0684-002"" xml:lang=""he""><supplied reason=""lost"">שבע</supplied></w>"
caes0684.xml,003,עשרה,he,0,"<w  xml:id=""caes0684-003"" xml:lang=""he""><supplied reason=""lost"">עשרה</supplied></w>"
caes0684.xml,004,חזיר,he,0,"<w  xml:id=""caes0684-004"" xml:lang=""he""><supplied reason=""lost"">חזיר</supplied></w>"
caes0684.xml,005,ממליח,he,0,"<w  xml:id=""caes0684-005"" xml:lang=""he""><supplied reason=""lost"">מ</supplied>מליח</w>"
caes0684.xml,006,משמר,he,0,"<w  xml:id=""caes0684-006"" xml:lang=""he""><supplied reason=""lost"">משמר</supplied></w>"
caes0684.xml,007,שמונה,he,0,"<w  xml:id=""caes0684-007"" xml:lang=""he""><supplied reason=""lost"">שמונה</supplied></w>"
caes0684.xml,008,עשרה,he,0,"<w  xml:id=""caes0684-008"" xml:lang=""he""><supplied reason=""lost"">עשרה</supplied></w>"
caes0684.xml,009,הפצץ,he,0,"<w  xml:id=""caes0684-009"" xml:lang=""he""><supplied reason=""lost"">הפצץ</supplied></w>"
caes0684.xml,010,נצרת,he,0,"<w  xml:id=""caes0684-010"" xml:lang=""he"">נצרת</w>"
caes0684.xml,011,משמר,he,0,"<w  xml:id=""caes0684-011"" xml:lang=""he""><supplied reason=""lost"">משמר</supplied></w>"
caes0684.xml,012,תשע,he,0,"<w  xml:id=""caes0684-012"" xml:lang=""he""><supplied reason=""lost"">תשע</supplied></w>"
caes0684.xml,013,עשרה,he,0,"<w  xml:id=""caes0684-013"" xml:lang=""he""><supplied reason=""lost"">עשרה</supplied></w>"
caes0684.xml,014,פתחרה,he,0,"<w  xml:id=""caes0684-014"" xml:lang=""he""><supplied reason=""lost"">פתחרה</supplied></w>"
caes0684.xml,015,אכלה,he,0,"<w  xml:id=""caes0684-015"" xml:lang=""he"">אכלה</w>"
caes0684.xml,016,ערב,he,0,"<w  xml:id=""caes0684-016"" xml:lang=""he""><supplied reason=""lost"">ערב</supplied></w>"
caes0684.xml,017,משמר,he,0,"<w  xml:id=""caes0684-017"" xml:lang=""he""><supplied reason=""lost"">משמר</supplied></w>"
caes0684.xml,018,עשרים,he,0,"<w  xml:id=""caes0684-018"" xml:lang=""he""><supplied reason=""lost"">עשרים</supplied></w>"
caes0684.xml,019,יחזקאל,he,0,"<w  xml:id=""caes0684-019"" xml:lang=""he""><supplied reason=""lost"">יחזקאל</supplied></w>"
caes0684.xml,020,מגדל,he,0,"<w  xml:id=""caes0684-020"" xml:lang=""he""><supplied reason=""lost"">מ</supplied>גדל</w>"
caes0684.xml,021,נוניא,he,0,"<w  xml:id=""caes0684-021"" xml:lang=""he""><supplied reason=""lost"">נוניא</supplied></w>"
dabb0006.xml,001,זה,he,0,"<w  xml:id=""dabb0006-001"" xml:lang=""he"">זה</w>"
dabb0006.xml,002,בית,he,0,"<w  xml:id=""dabb0006-002"" xml:lang=""he"">בית</w>"
dabb0006.xml,003,מדרשו,he,0,"<w  xml:id=""dabb0006-003"" xml:lang=""he"">מדרשו</w>"
dabb0006.xml,004,שהלרבי,he,0,"<w  xml:id=""dabb0006-004"" xml:lang=""he"">שהלרבי</w>"
dabb0006.xml,005,אליעזר,he,0,"<w  xml:id=""dabb0006-005"" xml:lang=""he"">אליעזר</w>"
dabb0006.xml,006,הקפר,he,0,"<w  xml:id=""dabb0006-006"" xml:lang=""he"">הקפר</w>"
erra0001.xml,001,שמעון,he,0,"<w  xml:id=""erra0001-001"" xml:lang=""he"">שמעון</w>"
erra0001.xml,002,בן,he,0,"<w  xml:id=""erra0001-002"" xml:lang=""he"">בן</w>"
erra0001.xml,003,זכריה,he,0,"<w  xml:id=""erra0001-003"" xml:lang=""he"">זכריה</w>"
erra0002.xml,001,ארבגלא,he,0,"<w  xml:id=""erra0002-001"" xml:lang=""he"">ארבגלא</w>"
erra0002.xml,002,בן,he,0,"<w  xml:id=""erra0002-002"" xml:lang=""he"">בן</w>"
geze0001.xml,002,תחמגזר,he,0,"<w  xml:id=""geze0001-002"" xml:lang=""he"">תחמגזר</w>"
geze0002.xml,002,תחמגזר,he,0,"<w  xml:id=""geze0002-002"" xml:lang=""he"">תחמגזר</w>"
geze0003.xml,002,תחמגזר,he,0,"<w  xml:id=""geze0003-002"" xml:lang=""he"">תחמגזר</w>"
geze0004.xml,002,תחמגזר,he,0,"<w  xml:id=""geze0004-002"" xml:lang=""he"">תחמגזר</w>"
geze0005.xml,002,תחמגזר,he,0,"<w  xml:id=""geze0005-002"" xml:lang=""he"">תחמגזר</w>"
geze0006.xml,002,תחמגזר,he,0,"<w  xml:id=""geze0006-002"" xml:lang=""he"">תחמגזר</w>"
geze0007.xml,002,תחמגזר,he,0,"<w  xml:id=""geze0007-002"" xml:lang=""he"">תחמגזר</w>"
geze0008.xml,002,תחמגזר,he,0,"<w  xml:id=""geze0008-002"" xml:lang=""he""><supplied reason=""lost"">ת</supplied>חמ<supplied reason=""lost"">גזר</supplied></w>"
haif0010.xml,001,שבר,he,0,"<w  xml:id=""haif0010-001"" xml:lang=""he"">שבר</w>"
haif0010.xml,002,ישראל,he,0,"<w  xml:id=""haif0010-002"" xml:lang=""he""><supplied reason=""lost"">י</supplied>שראל</w>"
haif0010.xml,003,בן,he,0,"<w  xml:id=""haif0010-003"" xml:lang=""he"">בן</w>"
haif0010.xml,004,ראובן,he,0,"<w  xml:id=""haif0010-004"" xml:lang=""he"">ראובן</w>"
hali0001.xml,002,ופרנשו,he,0,"<w  xml:id=""hali0001-002"" xml:lang=""he"">ופרנשו</w>"
hali0001.xml,003,שמעון,he,0,"<w  xml:id=""hali0001-003"" xml:lang=""he"">שמעון</w>"
hali0001.xml,004,דסוי,he,0,"<w  xml:id=""hali0001-004"" xml:lang=""he"">דסוי</w>"
hali0001.xml,005,פרס,he,0,"<w  xml:id=""hali0001-005"" xml:lang=""he"">פרס</w>"
huqo0001.xml,001,וברוכין,he,0,"<w  xml:id=""huqo0001-001"" xml:lang=""he""><supplied reason=""lost"">וברוכי</supplied>ן</w>"
huqo0001.xml,002,כל,he,0,"<w  xml:id=""huqo0001-002"" xml:lang=""he""><supplied reason=""lost"">כל</supplied></w>"
huqo0001.xml,003,בני,he,0,"<w  xml:id=""huqo0001-003"" xml:lang=""he""><supplied reason=""lost"">בני</supplied></w>"
huqo0001.xml,004,העיר,he,0,"<w  xml:id=""huqo0001-004"" xml:lang=""he""><supplied reason=""lost"">העיר</supplied></w>"
huqo0001.xml,005,שהן,he,0,"<w  xml:id=""huqo0001-005"" xml:lang=""he"">שהן</w>"
huqo0001.xml,006,מתחזקין,he,0,"<w  xml:id=""huqo0001-006"" xml:lang=""he"">מ<unclear>תח</unclear><supplied reason=""lost"">זקי</supplied><unclear>ן</unclear></w>"
huqo0001.xml,007,בכל,he,0,"<w  xml:id=""huqo0001-007"" xml:lang=""he"">בכל</w>"
huqo0001.xml,008,מצות,he,0,"<w  xml:id=""huqo0001-008"" xml:lang=""he"">מצות</w>"
huqo0001.xml,009,כן,he,0,"<w  xml:id=""huqo0001-009"" xml:lang=""he"">כן</w>"
huqo0001.xml,010,יהא,he,0,"<w  xml:id=""huqo0001-010"" xml:lang=""he"">יהא</w>"
huqo0001.xml,011,ענלכן,he,0,"<w  xml:id=""huqo0001-011"" xml:lang=""he"">ענלכן</w>"
huqo0001.xml,012,ואמן,he,0,"<w  xml:id=""huqo0001-012"" xml:lang=""he"">וא<unclear>מ</unclear><supplied reason=""lost"">ן</supplied></w>"
huqo0001.xml,013,סלה,he,0,"<w  xml:id=""huqo0001-013"" xml:lang=""he""><supplied reason=""lost"">ס</supplied><unclear>ל</unclear><supplied reason=""lost"">ה</supplied></w>"
huqo0001.xml,014,שלום,he,0,"<w  xml:id=""huqo0001-014"" xml:lang=""he""><supplied reason=""lost"">ש</supplied><unclear>ל</unclear><supplied reason=""lost"">ום</supplied></w>"
isaw0001.xml,001,יהוחנן,he,0,"<w  xml:id=""isaw0001-001"" xml:lang=""he"">יהוחנן</w>"
jaff0054.xml,001,זה,he,0,"<w  xml:id=""jaff0054-001"" xml:lang=""he""><supplied reason=""lost"">זה</supplied></w>"
jaff0054.xml,002,מקום,he,0,"<w  xml:id=""jaff0054-002"" xml:lang=""he""><supplied reason=""lost"">מק</supplied>ום</w>"
jaff0054.xml,003,הציעתו,he,0,"<w  xml:id=""jaff0054-003"" xml:lang=""he"">הציעתו</w>"
jaff0054.xml,004,של,he,0,"<w  xml:id=""jaff0054-004"" xml:lang=""he""><unclear cert=""high"">ש</unclear>ל</w>"
jaff0054.xml,005,לעזר,he,0,"<w  xml:id=""jaff0054-005"" xml:lang=""he""><supplied reason=""omitted"">ל</supplied>עזר</w>"
jaff0054.xml,006,בן,he,0,"<w  xml:id=""jaff0054-006"" xml:lang=""he"">בן</w>"
jaff0054.xml,007,יהושוע,he,0,"<w  xml:id=""jaff0054-007"" xml:lang=""he"">יהושוע</w>"
jaff0054.xml,008,שלום,he,0,"<w  xml:id=""jaff0054-008"" xml:lang=""he"">שלום</w>"
jaff0054.xml,009,מאמא,he,0,"<w  xml:id=""jaff0054-009"" xml:lang=""he""><unclear cert=""low"">מ</unclear>א<unclear cert=""low"">מא</unclear></w>"
jaff0054.xml,010,ושלום,he,0,"<w  xml:id=""jaff0054-010"" xml:lang=""he""><unclear cert=""low"">ו</unclear>שלום</w>"
jaff0057.xml,001,חנניה,he,0,"<w  xml:id=""jaff0057-001"" xml:lang=""he"">חנניה</w>"
jaff0057.xml,002,בן,he,0,"<w  xml:id=""jaff0057-002"" xml:lang=""he""><unclear>ב</unclear>ן</w>"
jaff0057.xml,003,רבי,he,0,"<w  xml:id=""jaff0057-003"" xml:lang=""he"">רבי</w>"
jaff0057.xml,005,שמן,he,0,"<w  xml:id=""jaff0057-005"" xml:lang=""he"">שמן</w>"
jaff0057.xml,006,אלכסנדריה,he,0,"<w  xml:id=""jaff0057-006"" xml:lang=""he""><supplied reason=""lost"" cert=""low"">אלכסנ</supplied><unclear>ד</unclear>ריה</w>"
jaff0057.xml,007,שלום,he,0,"<w  xml:id=""jaff0057-007"" xml:lang=""he""><supplied reason=""lost"">של</supplied><unclear>ו</unclear>ם</w>"
jent0005.xml,001,שלום,he,0,"<w  xml:id=""jent0005-001"" xml:lang=""he"">שלום</w>"
jent0006.xml,001,יהוסף,he,0,"<w  xml:id=""jent0006-001"" xml:lang=""he"">יהוסף</w>"
jent0006.xml,002,בר,he,0,"<w  xml:id=""jent0006-002"" xml:lang=""he"">בר</w>"
jent0006.xml,003,קיפא,he,0,"<w  xml:id=""jent0006-003"" xml:lang=""he"">קיפא</w>"
jent0006.xml,004,יהוסף,he,0,"<w  xml:id=""jent0006-004"" xml:lang=""he"">יהוסף</w>"
jent0006.xml,005,בר,he,0,"<w  xml:id=""jent0006-005"" xml:lang=""he"">בר</w>"
jent0006.xml,006,קפא,he,0,"<w  xml:id=""jent0006-006"" xml:lang=""he"">קפא</w>"
jeru0017.xml,001,שלום,he,0,"<w  xml:id=""jeru0017-001"" xml:lang=""he"">שלום</w>"
jeru0017.xml,002,אשת,he,0,"<w  xml:id=""jeru0017-002"" xml:lang=""he"">אשת</w>"
jeru0017.xml,003,יהודה,he,0,"<w  xml:id=""jeru0017-003"" xml:lang=""he"">יהודה</w>"
jeru0017.xml,004,שלום,he,0,"<w  xml:id=""jeru0017-004"" xml:lang=""he"">שלום</w>"
jeru0017.xml,006,יהודה,he,0,"<w  xml:id=""jeru0017-006"" xml:lang=""he"">יהודה</w>"
jeru0194.xml,001,רבע,he,0,"<w  xml:id=""jeru0194-001"" xml:lang=""he"">ר<supplied reason=""undefined"">בע</supplied></w>"
jeru0194.xml,003,מעה,he,0,"<w  xml:id=""jeru0194-003"" xml:lang=""he"">מ<supplied reason=""undefined"">עה</supplied></w>"
jeru0300.xml,001,מרים,he,0,"<w  xml:id=""jeru0300-001"" xml:lang=""he"">מרים</w>"
jeru0300.xml,002,ברת,he,0,"<w  xml:id=""jeru0300-002"" xml:lang=""he"">ברת</w>"
jeru0300.xml,003,ישוע,he,0,"<w  xml:id=""jeru0300-003"" xml:lang=""he"">ישוע</w>"
jeru0300.xml,004,בר,he,0,"<w  xml:id=""jeru0300-004"" xml:lang=""he"">בר</w>"
jeru0300.xml,005,קיפא,he,0,"<w  xml:id=""jeru0300-005"" xml:lang=""he"">קיפא</w>"
jeru0300.xml,006,כהן,he,0,"<w  xml:id=""jeru0300-006"" xml:lang=""he"">כהן</w>"
jeru0300.xml,007,ממעזיה,he,0,"<w  xml:id=""jeru0300-007"" xml:lang=""he"">ממעזיה</w>"
jeru0300.xml,008,מבית,he,0,"<w  xml:id=""jeru0300-008"" xml:lang=""he"">מבית</w>"
jeru0300.xml,009,עמרי,he,0,"<w  xml:id=""jeru0300-009"" xml:lang=""he"">עמרי</w>"
jeru0303.xml,001,זה,he,0,"<w  xml:id=""jeru0303-001"" xml:lang=""he"">זה</w>"
jeru0303.xml,002,קבר,he,0,"<w  xml:id=""jeru0303-002"" xml:lang=""he"">קבר</w>"
jeru0303.xml,003,והנפש,he,0,"<w  xml:id=""jeru0303-003"" xml:lang=""he"">והנפש</w>"
jeru0303.xml,004,של,he,0,"<w  xml:id=""jeru0303-004"" xml:lang=""he"">של</w>"
jeru0303.xml,005,אלעזר,he,0,"<w  xml:id=""jeru0303-005"" xml:lang=""he"">אלעזר</w>"
jeru0303.xml,006,חניה,he,0,"<w  xml:id=""jeru0303-006"" xml:lang=""he"">חניה</w>"
jeru0303.xml,007,יועזר,he,0,"<w  xml:id=""jeru0303-007"" xml:lang=""he"">יועזר</w>"
jeru0303.xml,008,יהודה,he,0,"<w  xml:id=""jeru0303-008"" xml:lang=""he"">יהודה</w>"
jeru0303.xml,009,שמעון,he,0,"<w  xml:id=""jeru0303-009"" xml:lang=""he"">שמעון</w>"
jeru0303.xml,010,יוחנן,he,0,"<w  xml:id=""jeru0303-010"" xml:lang=""he"">יוחנן</w>"
jeru0303.xml,011,בני,he,0,"<w  xml:id=""jeru0303-011"" xml:lang=""he"">בני</w>"
jeru0303.xml,012,יוספיוסף,he,0,"<w  xml:id=""jeru0303-012"" xml:lang=""he""><choice><sic>יוספ</sic><corr>יוסף</corr></choice></w>"
jeru0303.xml,013,בן,he,0,"<w  xml:id=""jeru0303-013"" xml:lang=""he"">בן</w>"
jeru0303.xml,014,עובד,he,0,"<w  xml:id=""jeru0303-014"" xml:lang=""he"">עובד</w>"
jeru0303.xml,015,יוסף,he,0,"<w  xml:id=""jeru0303-015"" xml:lang=""he"">יוסף</w>"
jeru0303.xml,016,ואלעזר,he,0,"<w  xml:id=""jeru0303-016"" xml:lang=""he"">ואלעזר</w>"
jeru0303.xml,017,בני,he,0,"<w  xml:id=""jeru0303-017"" xml:lang=""he"">בני</w>"
jeru0303.xml,018,חניה,he,0,"<w  xml:id=""jeru0303-018"" xml:lang=""he"">חניה</w>"
jeru0303.xml,019,כהנים,he,0,"<w  xml:id=""jeru0303-019"" xml:lang=""he"">כהנים</w>"
jeru0303.xml,020,מבני,he,0,"<w  xml:id=""jeru0303-020"" xml:lang=""he"">מבני</w>"
jeru0303.xml,021,חזיר,he,0,"<w  xml:id=""jeru0303-021"" xml:lang=""he"">חזיר</w>"
jeru0305.xml,001,יהוחנה,he,0,"<w  xml:id=""jeru0305-001"" xml:lang=""he"">יהוחנה</w>"
jeru0305.xml,002,יהוחנה,he,0,"<w  xml:id=""jeru0305-002"" xml:lang=""he"">יהוחנה</w>"
jeru0305.xml,003,ברת,he,0,"<w  xml:id=""jeru0305-003"" xml:lang=""he"">ברת</w>"
jeru0305.xml,004,יהיוחנן,he,0,"<w  xml:id=""jeru0305-004"" xml:lang=""he"">יהיוחנן</w>"
jeru0305.xml,005,בר,he,0,"<w  xml:id=""jeru0305-005"" xml:lang=""he"">בר</w>"
jeru0305.xml,006,תפלוס,he,0,"<w  xml:id=""jeru0305-006"" xml:lang=""he""><unclear>ת</unclear>פלוס</w>"
jeru0305.xml,007,הכהן,he,0,"<w  xml:id=""jeru0305-007"" xml:lang=""he"">הכהן</w>"
jeru0305.xml,008,הגדל,he,0,"<w  xml:id=""jeru0305-008"" xml:lang=""he"">הגדל</w>"
jeru0309.xml,001,לבית,he,0,"<w  xml:id=""jeru0309-001"" xml:lang=""he"">לבית</w>"
jeru0309.xml,002,התקעה,he,0,"<w  xml:id=""jeru0309-002"" xml:lang=""he"">התקעה</w>"
jeru0309.xml,003,להכריז,he,0,"<w  xml:id=""jeru0309-003"" xml:lang=""he"">להכ<supplied reason=""lost"">ריז</supplied></w>"
jeru0319.xml,001,מתתיה,he,0,"<w  xml:id=""jeru0319-001"" xml:lang=""he""><supplied reason=""lost"">מת</supplied>תיה</w>"
jeru0319.xml,002,בר,he,0,"<w  xml:id=""jeru0319-002"" xml:lang=""he"">בר</w>"
jeru0326.xml,001,יהוסף,he,0,"<w  xml:id=""jeru0326-001"" xml:lang=""he"">יהוסף</w>"
jeru0327.xml,001,וראיתם,he,0,"<w  xml:id=""jeru0327-001"" xml:lang=""he"">וראיתם</w>"
jeru0327.xml,002,ושש,he,0,"<w  xml:id=""jeru0327-002"" xml:lang=""he"">ושש</w>"
jeru0327.xml,003,לבבם,he,0,"<w  xml:id=""jeru0327-003"" xml:lang=""he"">לבבם</w>"
jeru0327.xml,005,תפרחנה,he,0,"<w  xml:id=""jeru0327-005"" xml:lang=""he""><supplied reason=""omitted"">תפרחנה</supplied></w>"
jeru0327.xml,006,כדשא,he,0,"<w  xml:id=""jeru0327-006"" xml:lang=""he"">כדשא</w>"
jeru0334.xml,001,ישמעאל,he,0,"<w  xml:id=""jeru0334-001"" xml:lang=""he""><supplied reason=""lost"">יש</supplied>מעאל</w>"
jeru0335.xml,001,מלכין,he,0,"<w  xml:id=""jeru0335-001"" xml:lang=""he"">מלכין</w>"
jeru0342.xml,001,אלכסנדרוס,he,0,"<w  xml:id=""jeru0342-001"" xml:lang=""he""><supplied reason=""lost"">אל</supplied><unclear cert=""low"">כ</unclear>סנדרוס</w>"
jeru0343.xml,001,עולם,he,0,"<w  xml:id=""jeru0343-001"" xml:lang=""he""><supplied reason=""lost"" cert=""low"">ע</supplied><unclear cert=""low"">ו</unclear>לם</w>"
jeru0348.xml,001,חנין,he,0,"<w  xml:id=""jeru0348-001"" xml:lang=""he"">חנין</w>"
jeru0350.xml,002,מפנון,he,0,"<w  xml:id=""jeru0350-002"" xml:lang=""he"">מפנון</w>"
jeru0350.xml,004,מירושלם,he,0,"<w  xml:id=""jeru0350-004"" xml:lang=""he"">מירושלם</w>"
jeru0350.xml,006,מפטרה,he,0,"<w  xml:id=""jeru0350-006"" xml:lang=""he"">מ<unclear>פט</unclear><supplied reason=""lost"">רה</supplied></w>"
jeru0351.xml,001,שלום,he,0,"<w  xml:id=""jeru0351-001"" xml:lang=""he"">שלום</w>"
jeru0353.xml,001,בן,he,0,"<w  xml:id=""jeru0353-001"" xml:lang=""he"">בן</w>"
jeru0353.xml,002,יסן,he,0,"<w  xml:id=""jeru0353-002"" xml:lang=""he"">יסן</w>"
jeru0354.xml,001,בן,he,0,"<w  xml:id=""jeru0354-001"" xml:lang=""he"">בן</w>"
jeru0354.xml,002,יסן,he,0,"<w  xml:id=""jeru0354-002"" xml:lang=""he"">יסן</w>"
jeru0355.xml,001,בן,he,0,"<w  xml:id=""jeru0355-001"" xml:lang=""he"">בן</w>"
jeru0355.xml,002,יוכן,he,0,"<w  xml:id=""jeru0355-002"" xml:lang=""he"">יוכן</w>"
jeru0356.xml,001,שמעון,he,0,"<w  xml:id=""jeru0356-001"" xml:lang=""he"">שמעון</w>"
jeru0363.xml,001,אבגדהו,he,0,"<w  xml:id=""jeru0363-001"" xml:lang=""he"">אבגד<unclear cert=""low"">ה</unclear><unclear cert=""low"">ו</unclear></w>"
jeru0364.xml,001,יה,he,0,"<w  xml:id=""jeru0364-001"" xml:lang=""he"">יה</w>"
jeru0365.xml,001,בן,he,0,"<w  xml:id=""jeru0365-001"" xml:lang=""he"">בן</w>"
jeru0365.xml,002,יסון,he,0,"<w  xml:id=""jeru0365-002"" xml:lang=""he"">יס<supplied reason=""omitted"">ו</supplied>ן</w>"
jeru0365.xml,003,קרבן,he,0,"<w  xml:id=""jeru0365-003"" xml:lang=""he"">קרב<supplied reason=""lost"">ן</supplied></w>"
jeru0367.xml,001,קרבן,he,0,"<w  xml:id=""jeru0367-001"" xml:lang=""he"">קרבן</w>"
jeru0369.xml,001,ב,he,0,"<w  xml:id=""jeru0369-001"" xml:lang=""he""><supplied reason=""lost"">ב</supplied></w>"
jeru0369.xml,003,לאדר,he,0,"<w  xml:id=""jeru0369-003"" xml:lang=""he"">לאדר</w>"
jeru0369.xml,004,נפק,he,0,"<w  xml:id=""jeru0369-004"" xml:lang=""he"">נפק</w>"
jeru0369.xml,005,ס,he,0,"<w  xml:id=""jeru0369-005"" xml:lang=""he"">ס</w>"
jeru0369.xml,007,שעריא,he,0,"<w  xml:id=""jeru0369-007"" xml:lang=""he""><supplied reason=""lost"">ש</supplied>עריא</w>"
jeru0369.xml,008,ס,he,0,"<w  xml:id=""jeru0369-008"" xml:lang=""he"">ס</w>"
jeru0369.xml,009,לנפת,he,0,"<w  xml:id=""jeru0369-009"" xml:lang=""he"">לנפת</w>"
jeru0369.xml,010,ס,he,0,"<w  xml:id=""jeru0369-010"" xml:lang=""he"">ס</w>"
jeru0369.xml,011,ס,he,0,"<w  xml:id=""jeru0369-011"" xml:lang=""he"">ס</w>"
jeru0370.xml,001,ככרן,he,0,"<w  xml:id=""jeru0370-001"" xml:lang=""he"">ככרן</w>"
jeru0370.xml,003,לף,he,0,"<w  xml:id=""jeru0370-003"" xml:lang=""he"">לף</w>"
jeru0370.xml,004,לחנניה,he,0,"<w  xml:id=""jeru0370-004"" xml:lang=""he"">לחנניה</w>"
jeru0370.xml,005,בצק,he,0,"<w  xml:id=""jeru0370-005"" xml:lang=""he"">בצק</w>"
jeru0371.xml,001,זבדיה,he,0,"<w  xml:id=""jeru0371-001"" xml:lang=""he"">זבדיה</w>"
jeru0371.xml,002,ק,he,0,"<w  xml:id=""jeru0371-002"" xml:lang=""he"">ק</w>"
jeru0371.xml,003,שלמי,he,0,"<w  xml:id=""jeru0371-003"" xml:lang=""he"">של<unclear>מ</unclear>י</w>"
jeru0371.xml,004,ס,he,0,"<w  xml:id=""jeru0371-004"" xml:lang=""he"">ס</w>"
jeru0371.xml,005,ק,he,0,"<w  xml:id=""jeru0371-005"" xml:lang=""he"">ק</w>"
jeru0372.xml,001,שנת,he,0,"<w  xml:id=""jeru0372-001"" xml:lang=""he"">שנת</w>"
jeru0372.xml,003,טחין,he,0,"<w  xml:id=""jeru0372-003"" xml:lang=""he"">טח<supplied reason=""lost"" cert=""low"">ין</supplied></w>"
jeru0374.xml,001,ראובן,he,0,"<w  xml:id=""jeru0374-001"" xml:lang=""he""><supplied reason=""lost"">ר</supplied><unclear>א</unclear>וב<unclear>ן</unclear></w>"
jeru0375.xml,001,חנניה,he,0,"<w  xml:id=""jeru0375-001"" xml:lang=""he"">חנ<unclear>נ</unclear><supplied reason=""lost"" cert=""low"">יה</supplied></w>"
jeru0376.xml,001,מנה,he,0,"<w  xml:id=""jeru0376-001"" xml:lang=""he"">מנה</w>"
jeru0378.xml,001,מ,he,0,"<w  xml:id=""jeru0378-001"" xml:lang=""he"">מ</w>"
jeru0379.xml,001,אלא,he,0,"<w  xml:id=""jeru0379-001"" xml:lang=""he"">אלא</w>"
jeru0379.xml,002,תנסח,he,0,"<w  xml:id=""jeru0379-002"" xml:lang=""he"">תנסח</w>"
jeru0381.xml,001,חנניה,he,0,"<w  xml:id=""jeru0381-001"" xml:lang=""he""><unclear>חנני</unclear>ה</w>"
jeru0381.xml,002,בן,he,0,"<w  xml:id=""jeru0381-002"" xml:lang=""he"">בן</w>"
jeru0381.xml,003,קורשא,he,0,"<w  xml:id=""jeru0381-003"" xml:lang=""he"">קורשא</w>"
jeru0383.xml,001,שלמציון,he,0,"<w  xml:id=""jeru0383-001"" xml:lang=""he"">שלמציון</w>"
jeru0383.xml,002,בת,he,0,"<w  xml:id=""jeru0383-002"" xml:lang=""he"">בת</w>"
jeru0383.xml,003,שמעון,he,0,"<w  xml:id=""jeru0383-003"" xml:lang=""he"">שמעון</w>"
jeru0383.xml,004,הכהן,he,0,"<w  xml:id=""jeru0383-004"" xml:lang=""he"">הכהן</w>"
jeru0384.xml,001,יהודה,he,0,"<w  xml:id=""jeru0384-001"" xml:lang=""he"">יהודה</w>"
jeru0384.xml,002,הספר,he,0,"<w  xml:id=""jeru0384-002"" xml:lang=""he"">הספר</w>"
jeru0385.xml,001,יהודה,he,0,"<w  xml:id=""jeru0385-001"" xml:lang=""he"">יהודה</w>"
jeru0385.xml,002,בר,he,0,"<w  xml:id=""jeru0385-002"" xml:lang=""he"">בר</w>"
jeru0385.xml,003,אלעזר,he,0,"<w  xml:id=""jeru0385-003"" xml:lang=""he"">אלעזר</w>"
jeru0385.xml,004,הספר,he,0,"<w  xml:id=""jeru0385-004"" xml:lang=""he"">הספר</w>"
jeru0387.xml,001,אלעזר,he,0,"<w  xml:id=""jeru0387-001"" xml:lang=""he"">אלעזר</w>"
jeru0387.xml,002,בר,he,0,"<w  xml:id=""jeru0387-002"" xml:lang=""he"">בר</w>"
jeru0387.xml,003,נתי,he,0,"<w  xml:id=""jeru0387-003"" xml:lang=""he"">נתי</w>"
jeru0388.xml,001,מרתא,he,0,"<w  xml:id=""jeru0388-001"" xml:lang=""he"">מרתא</w>"
jeru0388.xml,002,בת,he,0,"<w  xml:id=""jeru0388-002"" xml:lang=""he"">בת</w>"
jeru0388.xml,003,פצכי,he,0,"<w  xml:id=""jeru0388-003"" xml:lang=""he"">פצכ<supplied reason=""lost"">י</supplied></w>"
jeru0389.xml,001,יהודה,he,0,"<w  xml:id=""jeru0389-001"" xml:lang=""he"">יהודה</w>"
jeru0390.xml,001,שלום,he,0,"<w  xml:id=""jeru0390-001"" xml:lang=""he"">שלום</w>"
jeru0390.xml,002,שלום,he,0,"<w  xml:id=""jeru0390-002"" xml:lang=""he"">שלום</w>"
jeru0390.xml,003,אשת,he,0,"<w  xml:id=""jeru0390-003"" xml:lang=""he"">אשת</w>"
jeru0390.xml,004,יהודה,he,0,"<w  xml:id=""jeru0390-004"" xml:lang=""he"">יהודה</w>"
jeru0391.xml,001,יהודה,he,0,"<w  xml:id=""jeru0391-001"" xml:lang=""he"">יהודה</w>"
jeru0392.xml,001,פדא,he,0,"<w  xml:id=""jeru0392-001"" xml:lang=""he"">פדא</w>"
jeru0393.xml,001,קרקס,he,0,"<w  xml:id=""jeru0393-001"" xml:lang=""he"">קרקס</w>"
jeru0394.xml,001,אלעזר,he,0,"<w  xml:id=""jeru0394-001"" xml:lang=""he""><supplied reason=""lost"">א</supplied>לעזר</w>"
jeru0395.xml,001,לקיבז,he,0,"<w  xml:id=""jeru0395-001"" xml:lang=""he"">לקי<supplied reason=""lost"" cert=""low"">בז</supplied></w>"
jeru0397.xml,001,יהודה,he,0,"<w  xml:id=""jeru0397-001"" xml:lang=""he""><unclear>יהודה</unclear></w>"
jeru0397.xml,002,בר,he,0,"<w  xml:id=""jeru0397-002"" xml:lang=""he""><unclear>בר</unclear></w>"
jeru0397.xml,003,חנניה,he,0,"<w  xml:id=""jeru0397-003"" xml:lang=""he""><unclear>חנניה</unclear></w>"
jeru0398.xml,001,שלמציון,he,0,"<w  xml:id=""jeru0398-001"" xml:lang=""he"">שלמציון</w>"
jeru0399.xml,001,שלמציון,he,0,"<w  xml:id=""jeru0399-001"" xml:lang=""he""><unclear>שלמציון</unclear></w>"
jeru0399.xml,002,בת,he,0,"<w  xml:id=""jeru0399-002"" xml:lang=""he""><supplied reason=""lost"">בת</supplied></w>"
jeru0412.xml,001,מריה,he,0,"<w  xml:id=""jeru0412-001"" xml:lang=""he"">מריה</w>"
jeru0412.xml,002,הגירת,he,0,"<w  xml:id=""jeru0412-002"" xml:lang=""he"">הגירת</w>"
jeru0412.xml,003,הדולקת,he,0,"<w  xml:id=""jeru0412-003"" xml:lang=""he"">הדולקת</w>"
jeru0413.xml,001,יהוחנן,he,0,"<w  xml:id=""jeru0413-001"" xml:lang=""he"">יהוחנן</w>"
jeru0413.xml,002,בן,he,0,"<w  xml:id=""jeru0413-002"" xml:lang=""he"">בן</w>"
jeru0413.xml,003,יהוסף,he,0,"<w  xml:id=""jeru0413-003"" xml:lang=""he"">יהוסף</w>"
jeru0414.xml,001,יהוסף,he,0,"<w  xml:id=""jeru0414-001"" xml:lang=""he"">יהוסף</w>"
jeru0414.xml,002,בר,he,0,"<w  xml:id=""jeru0414-002"" xml:lang=""he"">בר</w>"
jeru0414.xml,003,יהוחנן,he,0,"<w  xml:id=""jeru0414-003"" xml:lang=""he"">יהוחנן</w>"
jeru0415.xml,001,ישוע,he,0,"<w  xml:id=""jeru0415-001"" xml:lang=""he"">ישוע</w>"
jeru0416.xml,001,יהוחנן,he,0,"<w  xml:id=""jeru0416-001"" xml:lang=""he"">יהוחנן</w>"
jeru0417.xml,001,יהוסף,he,0,"<w  xml:id=""jeru0417-001"" xml:lang=""he"">יהוסף</w>"
jeru0418.xml,001,יהוסף,he,0,"<w  xml:id=""jeru0418-001"" xml:lang=""he"">יהוסף</w>"
jeru0418.xml,002,מנחם,he,0,"<w  xml:id=""jeru0418-002"" xml:lang=""he"">מנחם</w>"
jeru0419.xml,001,שלום,he,0,"<w  xml:id=""jeru0419-001"" xml:lang=""he"">שלום</w>"
jeru0419.xml,002,אם,he,0,"<w  xml:id=""jeru0419-002"" xml:lang=""he"">אם</w>"
jeru0419.xml,003,כנסת,he,0,"<w  xml:id=""jeru0419-003"" xml:lang=""he""><expan cert=""low""><abbr>כנ</abbr><ex>סת</ex></expan></w>"
jeru0423.xml,001,אלעסה,he,0,"<w  xml:id=""jeru0423-001"" xml:lang=""he"">אלעסה</w>"
jeru0423.xml,002,לעשה,he,0,"<w  xml:id=""jeru0423-002"" xml:lang=""he""><unclear cert=""low"">לעשה</unclear></w>"
jeru0435.xml,001,שלום,he,0,"<w  xml:id=""jeru0435-001"" xml:lang=""he"">שלום</w>"
jeru0435.xml,002,בן,he,0,"<w  xml:id=""jeru0435-002"" xml:lang=""he"">בן</w>"
jeru0443.xml,001,שלום,he,0,"<w  xml:id=""jeru0443-001"" xml:lang=""he"">שלו<unclear>ם</unclear></w>"
jeru0451.xml,001,פינחס,he,0,"<w  xml:id=""jeru0451-001"" xml:lang=""he"">פינחס</w>"
jeru0451.xml,002,ושמעיה,he,0,"<w  xml:id=""jeru0451-002"" xml:lang=""he"">ושמעיה</w>"
jeru0451.xml,003,כהנה,he,0,"<w  xml:id=""jeru0451-003"" xml:lang=""he"">כהנה</w>"
jeru0452.xml,001,מריה,he,0,"<w  xml:id=""jeru0452-001"" xml:lang=""he"">מריה</w>"
jeru0452.xml,002,יוסה,he,0,"<w  xml:id=""jeru0452-002"" xml:lang=""he"">יוסה</w>"
jeru0453.xml,001,אמן,he,0,"<w  xml:id=""jeru0453-001"" xml:lang=""he"">אמן</w>"
jeru0453.xml,002,שׁלמציון,he,0,"<w  xml:id=""jeru0453-002"" xml:lang=""he"">שׁלמציון</w>"
jeru0454.xml,001,מריה,he,0,"<w  xml:id=""jeru0454-001"" xml:lang=""he"">מריה</w>"
jeru0454.xml,002,בת,he,0,"<w  xml:id=""jeru0454-002"" xml:lang=""he"">בת</w>"
jeru0454.xml,003,נתנאל,he,0,"<w  xml:id=""jeru0454-003"" xml:lang=""he"">נת<supplied reason=""omitted"">נ</supplied>אל</w>"
jeru0454.xml,004,בת,he,0,"<w  xml:id=""jeru0454-004"" xml:lang=""he""><supplied reason=""omitted"">בת</supplied></w>"
jeru0454.xml,005,שׁלמסין,he,0,"<w  xml:id=""jeru0454-005"" xml:lang=""he"">שׁלמסין</w>"
jeru0456.xml,001,יהועזר,he,0,"<w  xml:id=""jeru0456-001"" xml:lang=""he"">יהועזר</w>"
jeru0456.xml,002,אזביא,he,0,"<w  xml:id=""jeru0456-002"" xml:lang=""he"">אזביא</w>"
jeru0456.xml,003,יהועזר,he,0,"<w  xml:id=""jeru0456-003"" xml:lang=""he"">יהועזר</w>"
jeru0456.xml,004,אזביא,he,0,"<w  xml:id=""jeru0456-004"" xml:lang=""he"">אזביא</w>"
jeru0457.xml,001,סימי,he,0,"<w  xml:id=""jeru0457-001"" xml:lang=""he"">סימי</w>"
jeru0457.xml,002,יהונתן,he,0,"<w  xml:id=""jeru0457-002"" xml:lang=""he"">יהונתן</w>"
jeru0459.xml,001,גיורהגיויא,he,0,"<w  xml:id=""jeru0459-001"" xml:lang=""he""><choice><unclear>גיורה</unclear><unclear>גיויא</unclear></choice></w>"
jeru0462.xml,001,יהודה,he,0,"<w  xml:id=""jeru0462-001"" xml:lang=""he"">יהודה</w>"
jeru0464.xml,001,שמעון,he,0,"<w  xml:id=""jeru0464-001"" xml:lang=""he"">שמע<supplied reason=""lost"">ון</supplied></w>"
jeru0465.xml,001,יהוסף,he,0,"<w  xml:id=""jeru0465-001"" xml:lang=""he"">יהוסף</w>"
jeru0465.xml,002,גנבי,he,0,"<w  xml:id=""jeru0465-002"" xml:lang=""he"">גנבי</w>"
jeru0466.xml,001,מתתיה,he,0,"<w  xml:id=""jeru0466-001"" xml:lang=""he"">מתתיה</w>"
jeru0466.xml,002,מתתיה,he,0,"<w  xml:id=""jeru0466-002"" xml:lang=""he"">מתתיה</w>"
jeru0472.xml,001,ישׁמעל,he,0,"<w  xml:id=""jeru0472-001"" xml:lang=""he"">ישׁמעל</w>"
jeru0472.xml,003,הוא,he,0,"<w  xml:id=""jeru0472-003"" xml:lang=""he"">הוא</w>"
jeru0472.xml,006,הוא,he,0,"<w  xml:id=""jeru0472-006"" xml:lang=""he"">הוא</w>"
jeru0485.xml,001,מתתיה,he,0,"<w  xml:id=""jeru0485-001"" xml:lang=""he""><expan><abbr>מת</abbr><ex>ת</ex><abbr>י</abbr><ex>ה</ex></expan></w>"
jeru0486.xml,001,חנניה,he,0,"<w  xml:id=""jeru0486-001"" xml:lang=""he"">ח<hi rend=""ligature"">נני</hi>ה</w>"
jeru0486.xml,002,בר,he,0,"<w  xml:id=""jeru0486-002"" xml:lang=""he""><hi rend=""ligature"">בר</hi></w>"
jeru0486.xml,003,יהונתן,he,0,"<w  xml:id=""jeru0486-003"" xml:lang=""he"">יהונתן</w>"
jeru0490.xml,002,בן,he,0,"<w  xml:id=""jeru0490-002"" xml:lang=""he"">בן</w>"
jeru0492.xml,001,אנא,he,0,"<w  xml:id=""jeru0492-001"" xml:lang=""he"">אנא</w>"
jeru0492.xml,002,אבא,he,0,"<w  xml:id=""jeru0492-002"" xml:lang=""he"">אבא</w>"
jeru0492.xml,003,בר,he,0,"<w  xml:id=""jeru0492-003"" xml:lang=""he"">בר</w>"
jeru0492.xml,004,כהנה,he,0,"<w  xml:id=""jeru0492-004"" xml:lang=""he"">כהנה</w>"
jeru0492.xml,005,א,he,0,"<w  xml:id=""jeru0492-005"" xml:lang=""he"">א</w>"
jeru0492.xml,006,לעזר,he,0,"<w  xml:id=""jeru0492-006"" xml:lang=""he"">לעז<supplied reason=""omitted"">ר</supplied></w>"
jeru0492.xml,007,בר,he,0,"<w  xml:id=""jeru0492-007"" xml:lang=""he"">בר</w>"
jeru0492.xml,008,אהרנ,he,0,"<w  xml:id=""jeru0492-008"" xml:lang=""he"">אהרנ</w>"
jeru0492.xml,009,רבה,he,0,"<w  xml:id=""jeru0492-009"" xml:lang=""he"">רבה</w>"
jeru0492.xml,010,אןה,he,0,"<w  xml:id=""jeru0492-010"" xml:lang=""he"">אןה</w>"
jeru0492.xml,011,אבא,he,0,"<w  xml:id=""jeru0492-011"" xml:lang=""he"">אבא</w>"
jeru0492.xml,012,מעניה,he,0,"<w  xml:id=""jeru0492-012"" xml:lang=""he"">מעניה</w>"
jeru0492.xml,013,מרד,he,0,"<w  xml:id=""jeru0492-013"" xml:lang=""he"">מרד</w>"
jeru0492.xml,014,פה,he,0,"<w  xml:id=""jeru0492-014"" xml:lang=""he"">פה</w>"
jeru0492.xml,015,די,he,0,"<w  xml:id=""jeru0492-015"" xml:lang=""he"">די</w>"
jeru0492.xml,016,יליד,he,0,"<w  xml:id=""jeru0492-016"" xml:lang=""he"">יליד</w>"
jeru0492.xml,017,בירושׁלם,he,0,"<w  xml:id=""jeru0492-017"" xml:lang=""he"">בירושׁלם</w>"
jeru0492.xml,018,וגלא,he,0,"<w  xml:id=""jeru0492-018"" xml:lang=""he"">וגלא</w>"
jeru0492.xml,019,לבבל,he,0,"<w  xml:id=""jeru0492-019"" xml:lang=""he"">לבבל</w>"
jeru0492.xml,020,ואסק,he,0,"<w  xml:id=""jeru0492-020"" xml:lang=""he"">ואסק</w>"
jeru0492.xml,021,למתת,he,0,"<w  xml:id=""jeru0492-021"" xml:lang=""he"">למתת</w>"
jeru0492.xml,022,י,he,0,"<w  xml:id=""jeru0492-022"" xml:lang=""he"">י</w>"
jeru0492.xml,023,בר,he,0,"<w  xml:id=""jeru0492-023"" xml:lang=""he"">בר</w>"
jeru0492.xml,024,היודה,he,0,"<w  xml:id=""jeru0492-024"" xml:lang=""he"">היוד<supplied reason=""omitted"">ה</supplied></w>"
jeru0492.xml,025,וקברתה,he,0,"<w  xml:id=""jeru0492-025"" xml:lang=""he"">וקברתה</w>"
jeru0492.xml,026,במ,he,0,"<w  xml:id=""jeru0492-026"" xml:lang=""he"">במ</w>"
jeru0492.xml,027,ערתה,he,0,"<w  xml:id=""jeru0492-027"" xml:lang=""he"">ערתה</w>"
jeru0492.xml,028,דזבנה,he,0,"<w  xml:id=""jeru0492-028"" xml:lang=""he"">דזבנה</w>"
jeru0492.xml,029,בגטה,he,0,"<w  xml:id=""jeru0492-029"" xml:lang=""he"">בגטה</w>"
jeru0500.xml,001,שׁלבידוד,he,0,"<w  xml:id=""jeru0500-001"" xml:lang=""he"">שׁלבידוד</w>"
jeru0501.xml,001,מקריה,he,0,"<w  xml:id=""jeru0501-001"" xml:lang=""he""><choice><unclear>מ</unclear><unclear>ק</unclear></choice>ריה</w>"
jeru0501.xml,002,שׁמעון,he,0,"<w  xml:id=""jeru0501-002"" xml:lang=""he"">שׁמעון</w>"
jeru0503.xml,001,נחמיה,he,0,"<w  xml:id=""jeru0503-001"" xml:lang=""he"">נחמיה</w>"
jeru0504.xml,001,נחמיה,he,0,"<w  xml:id=""jeru0504-001"" xml:lang=""he"">נח<supplied reason=""lost"">מיה</supplied></w>"
jeru0505.xml,001,אלעזר,he,0,"<w  xml:id=""jeru0505-001"" xml:lang=""he"">אלעזר</w>"
jeru0506.xml,001,מרתא,he,0,"<w  xml:id=""jeru0506-001"" xml:lang=""he""><supplied reason=""lost"">מר</supplied>תא</w>"
jeru0507.xml,001,אלחנן,he,0,"<w  xml:id=""jeru0507-001"" xml:lang=""he""><supplied reason=""lost"">א</supplied>לחנן</w>"
jeru0508.xml,001,אלקסדרין,he,0,"<w  xml:id=""jeru0508-001"" xml:lang=""he"">אלקסדרין</w>"
jeru0508.xml,002,בר,he,0,"<w  xml:id=""jeru0508-002"" xml:lang=""he"">בר</w>"
jeru0525.xml,001,מרתחה,he,0,"<w  xml:id=""jeru0525-001"" xml:lang=""he"">מרת<choice><unclear>ח</unclear><unclear>ה</unclear></choice></w>"
jeru0526.xml,001,לא,he,0,"<w  xml:id=""jeru0526-001"" xml:lang=""he"">לא</w>"
jeru0526.xml,002,ששא,he,0,"<w  xml:id=""jeru0526-002"" xml:lang=""he"">ששא</w>"
jeru0526.xml,003,קרבן,he,0,"<w  xml:id=""jeru0526-003"" xml:lang=""he"">קרבן</w>"
jeru0528.xml,001,אלעזר,he,0,"<w  xml:id=""jeru0528-001"" xml:lang=""he"">אלעזר</w>"
jeru0528.xml,002,ואשתו,he,0,"<w  xml:id=""jeru0528-002"" xml:lang=""he"">ואשתו</w>"
jeru0531.xml,001,חנניה,he,0,"<w  xml:id=""jeru0531-001"" xml:lang=""he"">חנניה</w>"
jeru0532.xml,001,חנניה,he,0,"<w  xml:id=""jeru0532-001"" xml:lang=""he"">חנניה</w>"
jeru0532.xml,002,ושלום,he,0,"<w  xml:id=""jeru0532-002"" xml:lang=""he"">ושלום</w>"
jeru0533.xml,001,חנניה,he,0,"<w  xml:id=""jeru0533-001"" xml:lang=""he"">חנניה</w>"
jeru0533.xml,002,ושלום,he,0,"<w  xml:id=""jeru0533-002"" xml:lang=""he"">ושלום</w>"
jeru0534.xml,001,כל,he,0,"<w  xml:id=""jeru0534-001"" xml:lang=""he"">כל</w>"
jeru0534.xml,002,אדם,he,0,"<w  xml:id=""jeru0534-002"" xml:lang=""he"">אדם</w>"
jeru0534.xml,003,בה,he,0,"<w  xml:id=""jeru0534-003"" xml:lang=""he"">בה</w>"
jeru0534.xml,004,קרבן,he,0,"<w  xml:id=""jeru0534-004"" xml:lang=""he"">קרבן</w>"
jeru0538.xml,001,יויכיח,he,0,"<w  xml:id=""jeru0538-001"" xml:lang=""he"">יויכיח</w>"
jeru0543.xml,001,בן,he,0,"<w  xml:id=""jeru0543-001"" xml:lang=""he"">בן</w>"
jeru0543.xml,002,הכהן,he,0,"<w  xml:id=""jeru0543-002"" xml:lang=""he"">הכהן</w>"
jeru0543.xml,003,הגדול,he,0,"<w  xml:id=""jeru0543-003"" xml:lang=""he"">הגדול</w>"
jeru0559.xml,001,שלמצין,he,0,"<w  xml:id=""jeru0559-001"" xml:lang=""he"">שלמצין</w>"
jeru0559.xml,002,בת,he,0,"<w  xml:id=""jeru0559-002"" xml:lang=""he"">בת</w>"
jeru0559.xml,003,אלעזר,he,0,"<w  xml:id=""jeru0559-003"" xml:lang=""he"">אלעזר</w>"
jeru0559.xml,004,שלמצין,he,0,"<w  xml:id=""jeru0559-004"" xml:lang=""he"">שלמצין</w>"
jeru0559.xml,005,בת,he,0,"<w  xml:id=""jeru0559-005"" xml:lang=""he"">בת</w>"
jeru0559.xml,006,אלעזר,he,0,"<w  xml:id=""jeru0559-006"" xml:lang=""he"">אלעזר</w>"
jeru0562.xml,001,יוחנה,he,0,"<w  xml:id=""jeru0562-001"" xml:lang=""he"">יוחנה</w>"
jeru0562.xml,002,שבאה,he,0,"<w  xml:id=""jeru0562-002"" xml:lang=""he"">שבאה</w>"
jeru0564.xml,001,יוסה,he,0,"<w  xml:id=""jeru0564-001"" xml:lang=""he"">יוסה</w>"
jeru0567.xml,001,שלמצין,he,0,"<w  xml:id=""jeru0567-001"" xml:lang=""he"">שלמצין</w>"
jeru0567.xml,002,שלמצין,he,0,"<w  xml:id=""jeru0567-002"" xml:lang=""he"">שלמצין</w>"
juda0001.xml,001,שמעון,he,0,"<w  xml:id=""juda0001-001"" xml:lang=""he"">שמעון</w>"
juda0001.xml,002,בן,he,0,"<w  xml:id=""juda0001-002"" xml:lang=""he"">בן</w>"
juda0001.xml,003,כוסבא,he,0,"<w  xml:id=""juda0001-003"" xml:lang=""he""><expan><abbr>כוס</abbr><ex>בא</ex></expan></w>"
juda0001.xml,004,נשיא,he,0,"<w  xml:id=""juda0001-004"" xml:lang=""he""><expan><abbr>נשי</abbr><ex>א</ex></expan></w>"
juda0001.xml,005,ישראל,he,0,"<w  xml:id=""juda0001-005"" xml:lang=""he"">ישראל</w>"
masa0302.xml,001,יהוחנן,he,0,"<w  xml:id=""masa0302-001"" xml:lang=""he"">יהוחנן</w>"
masa0313.xml,001,יהוחנן,he,0,"<w  xml:id=""masa0313-001"" xml:lang=""he"">יהוחנן</w>"
masa0329.xml,001,יהוחנן,he,0,"<w  xml:id=""masa0329-001"" xml:lang=""he"">יהוחנן</w>"
masa0341.xml,001,יהוחנן,he,0,"<w  xml:id=""masa0341-001"" xml:lang=""he"">יהוחנן</w>"
masa0351.xml,001,יהודה,he,0,"<w  xml:id=""masa0351-001"" xml:lang=""he"">יהודה</w>"
masa0360.xml,001,שמעון,he,0,"<w  xml:id=""masa0360-001"" xml:lang=""he"">שמעון</w>"
masa0381.xml,001,אלעזר,he,0,"<w  xml:id=""masa0381-001"" xml:lang=""he"">אלעזר</w>"
masa0382.xml,001,דוסתס,he,0,"<w  xml:id=""masa0382-001"" xml:lang=""he"">דוסתס</w>"
masa0383.xml,001,יועזר,he,0,"<w  xml:id=""masa0383-001"" xml:lang=""he"">יועזר</w>"
masa0384.xml,001,אושעיה,he,0,"<w  xml:id=""masa0384-001"" xml:lang=""he""><unclear>א</unclear>ושעיה</w>"
masa0385.xml,001,חזקיה,he,0,"<w  xml:id=""masa0385-001"" xml:lang=""he"">חזקיה</w>"
masa0386.xml,001,חזקין,he,0,"<w  xml:id=""masa0386-001"" xml:lang=""he"">חזקין</w>"
masa0389.xml,001,אבי,he,0,"<w  xml:id=""masa0389-001"" xml:lang=""he"">אבי</w>"
masa0390.xml,001,אליעזר,he,0,"<w  xml:id=""masa0390-001"" xml:lang=""he"">אליעזר</w>"
masa0392.xml,001,חנניה,he,0,"<w  xml:id=""masa0392-001"" xml:lang=""he"">חנניה</w>"
masa0393.xml,001,ברכה,he,0,"<w  xml:id=""masa0393-001"" xml:lang=""he"">ברכה</w>"
masa0394.xml,001,עזרה,he,0,"<w  xml:id=""masa0394-001"" xml:lang=""he"">עזרה</w>"
masa0395.xml,001,יהוסף,he,0,"<w  xml:id=""masa0395-001"" xml:lang=""he""><supplied reason=""lost"">יהו</supplied>סף</w>"
masa0395.xml,002,יהוחנן,he,0,"<w  xml:id=""masa0395-002"" xml:lang=""he""><supplied reason=""lost"">יהוח</supplied>נן</w>"
masa0395.xml,003,,he,0,"<w  xml:id=""masa0395-003"" xml:lang=""he""><g/></w>"
masa0396.xml,001,יהוחנן,he,0,"<w  xml:id=""masa0396-001"" xml:lang=""he"">יהוחנן</w>"
masa0397.xml,001,יהוחנן,he,0,"<w  xml:id=""masa0397-001"" xml:lang=""he"">יהוחנן</w>"
masa0400.xml,001,אשת,he,0,"<w  xml:id=""masa0400-001"" xml:lang=""he"">אשת</w>"
masa0400.xml,002,טיבו,he,0,"<w  xml:id=""masa0400-002"" xml:lang=""he"">טיבו</w>"
masa0401.xml,001,ברית,he,0,"<w  xml:id=""masa0401-001"" xml:lang=""he"">ב<choice><unclear>ר</unclear><unclear>י</unclear></choice>ת</w>"
masa0401.xml,002,נ,he,0,"<w  xml:id=""masa0401-002"" xml:lang=""he"">נ</w>"
masa0403.xml,001,בת,he,0,"<w  xml:id=""masa0403-001"" xml:lang=""he"">בת</w>"
masa0403.xml,002,דמלי,he,0,"<w  xml:id=""masa0403-002"" xml:lang=""he"">דמלי</w>"
masa0404.xml,001,שלום,he,0,"<w  xml:id=""masa0404-001"" xml:lang=""he"">שלום</w>"
masa0404.xml,002,הגלילית,he,0,"<w  xml:id=""masa0404-002"" xml:lang=""he"">הגלי<supplied reason=""lost"">לית</supplied></w>"
masa0406.xml,001,בן,he,0,"<w  xml:id=""masa0406-001"" xml:lang=""he"">בן</w>"
masa0406.xml,002,חני,he,0,"<w  xml:id=""masa0406-002"" xml:lang=""he"">חנ<unclear>י</unclear></w>"
masa0407.xml,001,בן,he,0,"<w  xml:id=""masa0407-001"" xml:lang=""he"">בן</w>"
masa0407.xml,002,חכלה,he,0,"<w  xml:id=""masa0407-002"" xml:lang=""he"">ח<unclear>כ</unclear>לה</w>"
masa0409.xml,001,טובי,he,0,"<w  xml:id=""masa0409-001"" xml:lang=""he"">טובי</w>"
masa0410.xml,001,שאול,he,0,"<w  xml:id=""masa0410-001"" xml:lang=""he"">שאול</w>"
masa0411.xml,001,אשעיה,he,0,"<w  xml:id=""masa0411-001"" xml:lang=""he"">אשעיה</w>"
masa0412.xml,001,יהוחנן,he,0,"<w  xml:id=""masa0412-001"" xml:lang=""he"">יהוחנ<supplied reason=""lost"">ן</supplied></w>"
masa0414.xml,001,בר,he,0,"<w  xml:id=""masa0414-001"" xml:lang=""he"">בר</w>"
masa0414.xml,002,ישוע,he,0,"<w  xml:id=""masa0414-002"" xml:lang=""he""><supplied reason=""lost"">י</supplied>שוע</w>"
masa0415.xml,001,בר,he,0,"<w  xml:id=""masa0415-001"" xml:lang=""he"">בר</w>"
masa0415.xml,002,סמון,he,0,"<w  xml:id=""masa0415-002"" xml:lang=""he"">סמון</w>"
masa0416.xml,001,שמעון,he,0,"<w  xml:id=""masa0416-001"" xml:lang=""he"">שמעון</w>"
masa0417.xml,001,יהוחנן,he,0,"<w  xml:id=""masa0417-001"" xml:lang=""he""><supplied reason=""lost"">יה</supplied>וחנן</w>"
masa0418.xml,001,זכריה,he,0,"<w  xml:id=""masa0418-001"" xml:lang=""he""><supplied reason=""lost"" cert=""low"">ז</supplied>כ<unclear>ר</unclear><supplied reason=""lost"" cert=""low"">י</supplied>ה</w>"
masa0419.xml,001,לפלליה,he,0,"<w  xml:id=""masa0419-001"" xml:lang=""he"">ל<unclear cert=""low"">פ</unclear>לל<unclear cert=""low"">י</unclear>ה</w>"
masa0429.xml,001,בן,he,0,"<w  xml:id=""masa0429-001"" xml:lang=""he"">בן</w>"
masa0429.xml,002,הנהתּם,he,0,"<w  xml:id=""masa0429-002"" xml:lang=""he"">הנהתּם</w>"
masa0430.xml,001,בן,he,0,"<w  xml:id=""masa0430-001"" xml:lang=""he"">בן</w>"
masa0430.xml,002,כנבון,he,0,"<w  xml:id=""masa0430-002"" xml:lang=""he"">כנבון</w>"
masa0433.xml,001,חוני,he,0,"<w  xml:id=""masa0433-001"" xml:lang=""he"">חוני</w>"
masa0434.xml,001,העמקי,he,0,"<w  xml:id=""masa0434-001"" xml:lang=""he"">העמקי</w>"
masa0435.xml,001,בן,he,0,"<w  xml:id=""masa0435-001"" xml:lang=""he"">בן</w>"
masa0435.xml,002,פטי,he,0,"<w  xml:id=""masa0435-002"" xml:lang=""he"">פטי</w>"
masa0436.xml,001,ציפון,he,0,"<w  xml:id=""masa0436-001"" xml:lang=""he"">ציפון</w>"
masa0437.xml,001,בן,he,0,"<w  xml:id=""masa0437-001"" xml:lang=""he"">בן</w>"
masa0437.xml,002,יאיר,he,0,"<w  xml:id=""masa0437-002"" xml:lang=""he"">יאיר</w>"
masa0441.xml,001,מעשר,he,0,"<w  xml:id=""masa0441-001"" xml:lang=""he"">מעשר</w>"
masa0441.xml,002,כהן,he,0,"<w  xml:id=""masa0441-002"" xml:lang=""he"">כהן</w>"
masa0449.xml,001,הרה,he,0,"<w  xml:id=""masa0449-001"" xml:lang=""he"">הרה</w>"
masa0449.xml,002,השורה,he,0,"<w  xml:id=""masa0449-002"" xml:lang=""he"">השורה</w>"
masa0449.xml,003,הזות,he,0,"<w  xml:id=""masa0449-003"" xml:lang=""he"">הזות</w>"
masa0449.xml,004,בה,he,0,"<w  xml:id=""masa0449-004"" xml:lang=""he""><supplied reason=""lost"">ב</supplied>ה</w>"
masa0449.xml,005,כרוטין,he,0,"<w  xml:id=""masa0449-005"" xml:lang=""he"">כרוטין</w>"
masa0449.xml,006,ואינן,he,0,"<w  xml:id=""masa0449-006"" xml:lang=""he"">ואינן</w>"
masa0449.xml,007,כשירין,he,0,"<w  xml:id=""masa0449-007"" xml:lang=""he"">כשיר<supplied reason=""lost"">ין</supplied></w>"
masa0449.xml,009,מין,he,0,"<w  xml:id=""masa0449-009"" xml:lang=""he"">מין</w>"
masa0449.xml,011,לטהרת,he,0,"<w  xml:id=""masa0449-011"" xml:lang=""he"">לטה<supplied reason=""lost"">רת</supplied></w>"
masa0449.xml,012,הקדש,he,0,"<w  xml:id=""masa0449-012"" xml:lang=""he"">הקד<supplied reason=""lost"">ש</supplied></w>"
masa0450.xml,001,הרה,he,0,"<w  xml:id=""masa0450-001"" xml:lang=""he""><supplied reason=""lost"">הרה</supplied></w>"
masa0450.xml,002,השורה,he,0,"<w  xml:id=""masa0450-002"" xml:lang=""he"">השור<supplied reason=""lost"">ה</supplied></w>"
masa0450.xml,003,הזות,he,0,"<w  xml:id=""masa0450-003"" xml:lang=""he""><supplied reason=""lost"">הזו</supplied>ת</w>"
masa0450.xml,004,בה,he,0,"<w  xml:id=""masa0450-004"" xml:lang=""he"">בה</w>"
masa0450.xml,006,ופרוטין,he,0,"<w  xml:id=""masa0450-006"" xml:lang=""he"">ופר<supplied reason=""lost"">ו</supplied>טין</w>"
masa0450.xml,007,כלן,he,0,"<w  xml:id=""masa0450-007"" xml:lang=""he"">כלן</w>"
masa0450.xml,008,כשירין,he,0,"<w  xml:id=""masa0450-008"" xml:lang=""he"">כ<supplied reason=""lost"">שירין</supplied></w>"
masa0450.xml,009,לטהרת,he,0,"<w  xml:id=""masa0450-009"" xml:lang=""he""><supplied reason=""lost"">ל</supplied>טה<supplied reason=""lost"">רת</supplied></w>"
masa0450.xml,011,לטהרת,he,0,"<w  xml:id=""masa0450-011"" xml:lang=""he"">לט<supplied reason=""lost"">הרת</supplied></w>"
masa0450.xml,012,הקדש,he,0,"<w  xml:id=""masa0450-012"" xml:lang=""he""><supplied reason=""lost"">הקדש</supplied></w>"
masa0451.xml,001,הרה,he,0,"<w  xml:id=""masa0451-001"" xml:lang=""he"">הרה</w>"
masa0451.xml,002,השורה,he,0,"<w  xml:id=""masa0451-002"" xml:lang=""he""><supplied reason=""lost"">השורה</supplied></w>"
masa0451.xml,003,הזות,he,0,"<w  xml:id=""masa0451-003"" xml:lang=""he""><supplied reason=""lost"">הזות</supplied></w>"
masa0451.xml,004,בה,he,0,"<w  xml:id=""masa0451-004"" xml:lang=""he""><supplied reason=""lost"">בה</supplied></w>"
masa0451.xml,005,ואנן,he,0,"<w  xml:id=""masa0451-005"" xml:lang=""he"">ואנן</w>"
masa0451.xml,006,כשירין,he,0,"<w  xml:id=""masa0451-006"" xml:lang=""he""><supplied reason=""lost"">כשירין</supplied></w>"
masa0451.xml,007,לטהרת,he,0,"<w  xml:id=""masa0451-007"" xml:lang=""he""><supplied reason=""lost"">לטהרת</supplied></w>"
masa0451.xml,008,הקדש,he,0,"<w  xml:id=""masa0451-008"" xml:lang=""he"">הקד<supplied reason=""lost"">ש</supplied></w>"
masa0452.xml,001,הרה,he,0,"<w  xml:id=""masa0452-001"" xml:lang=""he"">הרה</w>"
masa0452.xml,002,השורה,he,0,"<w  xml:id=""masa0452-002"" xml:lang=""he"">השורה</w>"
masa0452.xml,003,הזות,he,0,"<w  xml:id=""masa0452-003"" xml:lang=""he""><supplied reason=""lost"">הזות</supplied></w>"
masa0452.xml,004,ופרוטין,he,0,"<w  xml:id=""masa0452-004"" xml:lang=""he"">ופרוטין</w>"
masa0452.xml,005,כלן,he,0,"<w  xml:id=""masa0452-005"" xml:lang=""he""><hi rend=""stacked"">כלן</hi></w>"
masa0452.xml,006,כשירין,he,0,"<w  xml:id=""masa0452-006"" xml:lang=""he"">כשירי<supplied reason=""lost"">ן</supplied></w>"
masa0452.xml,007,לטהרת,he,0,"<w  xml:id=""masa0452-007"" xml:lang=""he"">לטהרת</w>"
masa0452.xml,008,הקדש,he,0,"<w  xml:id=""masa0452-008"" xml:lang=""he"">הקדש</w>"
masa0453a.xml,001,פרוטין,he,0,"<w  xml:id=""masa0453a-001"" xml:lang=""he"">פר<supplied reason=""lost"">וטין</supplied></w>"
masa0453b.xml,001,לטהרת,he,0,"<w  xml:id=""masa0453b-001"" xml:lang=""he"">לט<supplied reason=""lost"">הרת</supplied></w>"
masa0453c.xml,001,קדש,he,0,"<w  xml:id=""masa0453c-001"" xml:lang=""he"">קד<supplied reason=""lost"">ש</supplied></w>"
masa0453d.xml,001,קדש,he,0,"<w  xml:id=""masa0453d-001"" xml:lang=""he""><unclear>ק</unclear>ד<supplied reason=""lost"">ש</supplied></w>"
masa0454.xml,001,הכדין,he,0,"<w  xml:id=""masa0454-001"" xml:lang=""he"">הכדין</w>"
masa0454.xml,002,האלה,he,0,"<w  xml:id=""masa0454-002"" xml:lang=""he"">הא<supplied reason=""omitted"">ל</supplied>ה</w>"
masa0454.xml,003,פסולות,he,0,"<w  xml:id=""masa0454-003"" xml:lang=""he"">פסו<supplied reason=""lost"">ל</supplied>ות</w>"
masa0456.xml,001,טהור,he,0,"<w  xml:id=""masa0456-001"" xml:lang=""he"">טהור</w>"
masa0456.xml,002,לקדש,he,0,"<w  xml:id=""masa0456-002"" xml:lang=""he"">לקדש</w>"
masa0457.xml,001,ישוע,he,0,"<w  xml:id=""masa0457-001"" xml:lang=""he"">ישוע</w>"
masa0457.xml,002,טוהר,he,0,"<w  xml:id=""masa0457-002"" xml:lang=""he"">טוהר</w>"
masa0457.xml,003,לקדש,he,0,"<w  xml:id=""masa0457-003"" xml:lang=""he"">לקדש</w>"
masa0463.xml,001,שמעון,he,0,"<w  xml:id=""masa0463-001"" xml:lang=""he""><supplied reason=""lost"">ש</supplied>מעון</w>"
masa0463.xml,002,בר,he,0,"<w  xml:id=""masa0463-002"" xml:lang=""he"">בר</w>"
masa0463.xml,003,יהוסף,he,0,"<w  xml:id=""masa0463-003"" xml:lang=""he"">יהוסף</w>"
masa0464.xml,001,שמעון,he,0,"<w  xml:id=""masa0464-001"" xml:lang=""he""><unclear>ש</unclear>מעון</w>"
masa0464.xml,002,בר,he,0,"<w  xml:id=""masa0464-002"" xml:lang=""he"">ב<supplied reason=""lost"">ר</supplied></w>"
masa0465.xml,001,שמעון,he,0,"<w  xml:id=""masa0465-001"" xml:lang=""he"">שמעון</w>"
masa0466.xml,001,שמעון,he,0,"<w  xml:id=""masa0466-001"" xml:lang=""he"">שמעון</w>"
masa0466.xml,002,בן,he,0,"<w  xml:id=""masa0466-002"" xml:lang=""he"">בן</w>"
masa0466.xml,003,יועזר,he,0,"<w  xml:id=""masa0466-003"" xml:lang=""he"">יועזר</w>"
masa0467.xml,001,שמעון,he,0,"<w  xml:id=""masa0467-001"" xml:lang=""he"">שמע<supplied reason=""lost"">ון</supplied></w>"
masa0468.xml,001,זבידו,he,0,"<w  xml:id=""masa0468-001"" xml:lang=""he"">זבידו</w>"
masa0468.xml,002,בר,he,0,"<w  xml:id=""masa0468-002"" xml:lang=""he"">בר</w>"
masa0468.xml,003,ישמעל,he,0,"<w  xml:id=""masa0468-003"" xml:lang=""he"">ישמעל</w>"
masa0469.xml,001,אלעזר,he,0,"<w  xml:id=""masa0469-001"" xml:lang=""he"">אלעזר</w>"
masa0469.xml,002,בר,he,0,"<w  xml:id=""masa0469-002"" xml:lang=""he"">בר</w>"
masa0469.xml,003,חדד,he,0,"<w  xml:id=""masa0469-003"" xml:lang=""he"">חדד</w>"
masa0470.xml,001,יהוסף,he,0,"<w  xml:id=""masa0470-001"" xml:lang=""he"">יהוסף</w>"
masa0470.xml,002,בר,he,0,"<w  xml:id=""masa0470-002"" xml:lang=""he"">בר</w>"
masa0470.xml,003,אלעזר,he,0,"<w  xml:id=""masa0470-003"" xml:lang=""he"">אלעזר</w>"
masa0472.xml,001,בן,he,0,"<w  xml:id=""masa0472-001"" xml:lang=""he"">בן</w>"
masa0472.xml,002,עזרא,he,0,"<w  xml:id=""masa0472-002"" xml:lang=""he"">עזרא</w>"
masa0473.xml,001,הלל,he,0,"<w  xml:id=""masa0473-001"" xml:lang=""he"">הלל</w>"
masa0473.xml,003,נוסי,he,0,"<w  xml:id=""masa0473-003"" xml:lang=""he"">נוסי</w>"
masa0474.xml,001,יהוסף,he,0,"<w  xml:id=""masa0474-001"" xml:lang=""he"">יהוסף</w>"
masa0474.xml,002,קני,he,0,"<w  xml:id=""masa0474-002"" xml:lang=""he"">קני</w>"
masa0476.xml,001,אלעזר,he,0,"<w  xml:id=""masa0476-001"" xml:lang=""he"">אלעזר</w>"
masa0477.xml,001,זכריה,he,0,"<w  xml:id=""masa0477-001"" xml:lang=""he"">זכ<supplied reason=""lost"">ריה</supplied></w>"
masa0478.xml,001,שמעון,he,0,"<w  xml:id=""masa0478-001"" xml:lang=""he"">שמ<supplied reason=""lost"">עון</supplied></w>"
masa0479.xml,001,שמעון,he,0,"<w  xml:id=""masa0479-001"" xml:lang=""he"">שמעון</w>"
masa0479.xml,002,נסן,he,0,"<w  xml:id=""masa0479-002"" xml:lang=""he"">נסן</w>"
masa0484.xml,001,יהוחנן,he,0,"<w  xml:id=""masa0484-001"" xml:lang=""he"">יהוחנן</w>"
masa0485.xml,001,יהו,he,0,"<w  xml:id=""masa0485-001"" xml:lang=""he""><surplus>יהו</surplus></w>"
masa0485.xml,002,יהוחנן,he,0,"<w  xml:id=""masa0485-002"" xml:lang=""he"">יהוחנן</w>"
masa0486.xml,001,חנניה,he,0,"<w  xml:id=""masa0486-001"" xml:lang=""he"">חנ<unclear>ני</unclear><supplied reason=""lost"">ה</supplied></w>"
masa0487.xml,001,יהותנן,he,0,"<w  xml:id=""masa0487-001"" xml:lang=""he""><supplied reason=""lost"">יה</supplied>ותנן</w>"
masa0488.xml,001,חנינא,he,0,"<w  xml:id=""masa0488-001"" xml:lang=""he"">חנינא</w>"
masa0489.xml,001,יהודה,he,0,"<w  xml:id=""masa0489-001"" xml:lang=""he"">יהודה</w>"
masa0490.xml,001,יהודה,he,0,"<w  xml:id=""masa0490-001"" xml:lang=""he"">יהודה</w>"
masa0491.xml,001,יהודה,he,0,"<w  xml:id=""masa0491-001"" xml:lang=""he""><supplied reason=""lost"">יה</supplied>ודה</w>"
masa0492.xml,001,יהודה,he,0,"<w  xml:id=""masa0492-001"" xml:lang=""he"">יהודה</w>"
masa0493.xml,001,יהודה,he,0,"<w  xml:id=""masa0493-001"" xml:lang=""he""><supplied reason=""lost"">יהו</supplied>דה</w>"
masa0494.xml,001,יהוסף,he,0,"<w  xml:id=""masa0494-001"" xml:lang=""he"">יהוסף</w>"
masa0495.xml,001,יהוסף,he,0,"<w  xml:id=""masa0495-001"" xml:lang=""he"">יהוסף</w>"
masa0496.xml,001,יהוסף,he,0,"<w  xml:id=""masa0496-001"" xml:lang=""he"">יהוסף</w>"
masa0497.xml,001,יהוסף,he,0,"<w  xml:id=""masa0497-001"" xml:lang=""he""><supplied reason=""lost"">יהו</supplied>סף</w>"
masa0498.xml,001,מתיה,he,0,"<w  xml:id=""masa0498-001"" xml:lang=""he"">מתיה</w>"
masa0499.xml,001,יעקוב,he,0,"<w  xml:id=""masa0499-001"" xml:lang=""he"">יעקוב</w>"
masa0500.xml,001,יעקוב,he,0,"<w  xml:id=""masa0500-001"" xml:lang=""he"">יעקוב</w>"
masa0501.xml,001,יעקוב,he,0,"<w  xml:id=""masa0501-001"" xml:lang=""he"">יעקוב</w>"
masa0503.xml,001,בר,he,0,"<w  xml:id=""masa0503-001"" xml:lang=""he"">בר</w>"
masa0505.xml,001,חוניה,he,0,"<w  xml:id=""masa0505-001"" xml:lang=""he"">חוניה</w>"
masa0507.xml,001,נה,he,0,"<w  xml:id=""masa0507-001"" xml:lang=""he"">נה</w>"
masa0507.xml,002,ובריה,he,0,"<w  xml:id=""masa0507-002"" xml:lang=""he"">ובר<supplied reason=""lost"">יה</supplied></w>"
masa0508.xml,001,שאל,he,0,"<w  xml:id=""masa0508-001"" xml:lang=""he"">שאל</w>"
masa0509.xml,001,שאול,he,0,"<w  xml:id=""masa0509-001"" xml:lang=""he"">שאול</w>"
masa0510.xml,001,אלעזר,he,0,"<w  xml:id=""masa0510-001"" xml:lang=""he"">אלע<unclear>זר</unclear></w>"
masa0511.xml,001,אלעזר,he,0,"<w  xml:id=""masa0511-001"" xml:lang=""he"">אלע<supplied reason=""lost"">זר</supplied></w>"
masa0519.xml,001,דבלה,he,0,"<w  xml:id=""masa0519-001"" xml:lang=""he"">דבלה</w>"
masa0520.xml,001,יפה,he,0,"<w  xml:id=""masa0520-001"" xml:lang=""he"">יפה</w>"
masa0522.xml,001,דבלה,he,0,"<w  xml:id=""masa0522-001"" xml:lang=""he"">דבלה</w>"
masa0525.xml,001,דבלה,he,0,"<w  xml:id=""masa0525-001"" xml:lang=""he"">דבל<supplied reason=""lost"">ה</supplied></w>"
masa0526.xml,001,דבלה,he,0,"<w  xml:id=""masa0526-001"" xml:lang=""he"">דבל<unclear>ה</unclear></w>"
masa0527.xml,001,דבלה,he,0,"<w  xml:id=""masa0527-001"" xml:lang=""he""><supplied reason=""lost"">ד</supplied>בלה</w>"
masa0528.xml,001,דבלה,he,0,"<w  xml:id=""masa0528-001"" xml:lang=""he""><unclear>ד</unclear>בלה</w>"
masa0529.xml,001,דבלה,he,0,"<w  xml:id=""masa0529-001"" xml:lang=""he""><supplied reason=""lost"">ד</supplied><unclear>ב</unclear>לה</w>"
masa0530.xml,001,דבלה,he,0,"<w  xml:id=""masa0530-001"" xml:lang=""he"">דב<supplied reason=""lost"">לה</supplied></w>"
masa0531.xml,001,דבלה,he,0,"<w  xml:id=""masa0531-001"" xml:lang=""he""><supplied reason=""lost"">דב</supplied>ל<unclear>ה</unclear></w>"
masa0533.xml,001,דבלה,he,0,"<w  xml:id=""masa0533-001"" xml:lang=""he""><supplied reason=""lost"">ד</supplied>בלה</w>"
masa0535.xml,001,דבלה,he,0,"<w  xml:id=""masa0535-001"" xml:lang=""he""><supplied reason=""lost"">ד</supplied><unclear>ב</unclear>לה</w>"
masa0536.xml,001,דבלה,he,0,"<w  xml:id=""masa0536-001"" xml:lang=""he"">ד<supplied reason=""lost"">בלה</supplied></w>"
masa0537.xml,001,גרגר,he,0,"<w  xml:id=""masa0537-001"" xml:lang=""he"">גר<supplied reason=""lost"">גר</supplied></w>"
masa0537.xml,002,דבלה,he,0,"<w  xml:id=""masa0537-002"" xml:lang=""he"">דב<unclear>ל</unclear><supplied reason=""lost"">ה</supplied></w>"
masa0538.xml,001,דבלה,he,0,"<w  xml:id=""masa0538-001"" xml:lang=""he""><unclear>ד</unclear>ב<unclear>לה</unclear></w>"
masa0539.xml,001,דבלה,he,0,"<w  xml:id=""masa0539-001"" xml:lang=""he"">ד<supplied reason=""lost"">ב</supplied><unclear>ל</unclear>ה</w>"
masa0540.xml,001,גרגר,he,0,"<w  xml:id=""masa0540-001"" xml:lang=""he"">ג<unclear>ר</unclear><supplied reason=""lost"">גר</supplied></w>"
masa0540.xml,002,דבלה,he,0,"<w  xml:id=""masa0540-002"" xml:lang=""he"">ד<supplied reason=""lost"">בלה</supplied></w>"
masa0541.xml,001,גרגר,he,0,"<w  xml:id=""masa0541-001"" xml:lang=""he"">גרגר</w>"
masa0542.xml,001,גרגר,he,0,"<w  xml:id=""masa0542-001"" xml:lang=""he"">גרגר</w>"
masa0545.xml,001,נצח,he,0,"<w  xml:id=""masa0545-001"" xml:lang=""he"">נצח</w>"
masa0546.xml,001,י,he,0,"<w  xml:id=""masa0546-001"" xml:lang=""he""><unclear>י</unclear></w>"
masa0546.xml,002,כיסה,he,0,"<w  xml:id=""masa0546-002"" xml:lang=""he"">כיסה</w>"
masa0547.xml,001,בשר,he,0,"<w  xml:id=""masa0547-001"" xml:lang=""he"">בשר</w>"
masa0547.xml,002,יהודה,he,0,"<w  xml:id=""masa0547-002"" xml:lang=""he"">יהו<unclear>ד</unclear><supplied reason=""lost"">ה</supplied></w>"
masa0548.xml,001,בצק,he,0,"<w  xml:id=""masa0548-001"" xml:lang=""he"">בצק</w>"
masa0549.xml,001,מסרור,he,0,"<w  xml:id=""masa0549-001"" xml:lang=""he""><choice><unclear>מ</unclear><unclear>ס</unclear></choice>רור</w>"
masa0550.xml,001,מערב,he,0,"<w  xml:id=""masa0550-001"" xml:lang=""he"">מערב</w>"
masa0551.xml,001,קדדין,he,0,"<w  xml:id=""masa0551-001"" xml:lang=""he"">קדדין</w>"
masa0553.xml,001,דוגה,he,0,"<w  xml:id=""masa0553-001"" xml:lang=""he"">דוגה</w>"
masa0585.xml,001,ארבע,he,0,"<w  xml:id=""masa0585-001"" xml:lang=""he"">ארבע</w>"
masa0585.xml,002,אמות,he,0,"<w  xml:id=""masa0585-002"" xml:lang=""he"">אמות</w>"
masa0585.xml,003,וטפחים,he,0,"<w  xml:id=""masa0585-003"" xml:lang=""he"">וטפחים</w>"
masa0585.xml,004,ושתי,he,0,"<w  xml:id=""masa0585-004"" xml:lang=""he"">ושתי</w>"
masa0585.xml,005,אמות,he,0,"<w  xml:id=""masa0585-005"" xml:lang=""he"">אמות</w>"
masa0585.xml,006,וטפחים,he,0,"<w  xml:id=""masa0585-006"" xml:lang=""he"">וטפחים</w>"
masa0586.xml,001,ארבע,he,0,"<w  xml:id=""masa0586-001"" xml:lang=""he"">ארבע</w>"
masa0587.xml,001,שנים,he,0,"<w  xml:id=""masa0587-001"" xml:lang=""he""><unclear>ש</unclear>נים</w>"
masa0588.xml,001,עשירי,he,0,"<w  xml:id=""masa0588-001"" xml:lang=""he"">עשירי</w>"
masa0590.xml,001,ס,he,0,"<w  xml:id=""masa0590-001"" xml:lang=""he"">ס</w>"
masa0593.xml,001,לג,he,0,"<w  xml:id=""masa0593-001"" xml:lang=""he"">לג</w>"
masa0594.xml,001,לג,he,0,"<w  xml:id=""masa0594-001"" xml:lang=""he"">לג</w>"
masa0597.xml,001,ר,he,0,"<w  xml:id=""masa0597-001"" xml:lang=""he"">ר</w>"
masa0597.xml,002,מ,he,0,"<w  xml:id=""masa0597-002"" xml:lang=""he""><unclear>מ</unclear></w>"
masa0598.xml,001,ר,he,0,"<w  xml:id=""masa0598-001"" xml:lang=""he"">ר</w>"
masa0598.xml,002,מ,he,0,"<w  xml:id=""masa0598-002"" xml:lang=""he"">מ</w>"
masa0599.xml,001,ר,he,0,"<w  xml:id=""masa0599-001"" xml:lang=""he"">ר</w>"
masa0599.xml,003,מ,he,0,"<w  xml:id=""masa0599-003"" xml:lang=""he"">מ</w>"
masa0600.xml,001,ר,he,0,"<w  xml:id=""masa0600-001"" xml:lang=""he"">ר</w>"
masa0601.xml,001,ר,he,0,"<w  xml:id=""masa0601-001"" xml:lang=""he"">ר</w>"
masa0602.xml,001,ר,he,0,"<w  xml:id=""masa0602-001"" xml:lang=""he"">ר</w>"
masa0924.xml,003,עוזרל,he,0,"<w  xml:id=""masa0924-003"" xml:lang=""he"">עוזרל</w>"
masa0924.xml,004,לג,he,0,"<w  xml:id=""masa0924-004"" xml:lang=""he"">לג</w>"
masa0924.xml,005,דווו,he,0,"<w  xml:id=""masa0924-005"" xml:lang=""he"">דווו</w>"
mger0037.xml,001,זי,he,0,"<w  xml:id=""mger0037-001"" xml:lang=""he""><supplied reason=""lost"">זי</supplied></w>"
mger0037.xml,002,הקרב,he,0,"<w  xml:id=""mger0037-002"" xml:lang=""he""><supplied reason=""lost"">הק</supplied>רב</w>"
mger0150.xml,001,אשר,he,0,"<w  xml:id=""mger0150-001"" xml:lang=""he""><supplied reason=""lost"">אשר</supplied></w>"
mger0150.xml,002,הקריב,he,0,"<w  xml:id=""mger0150-002"" xml:lang=""he""><supplied reason=""lost"">ה</supplied>קריב</w>"
mger0150.xml,003,יוסף,he,0,"<w  xml:id=""mger0150-003"" xml:lang=""he"">יוסף</w>"
mger0150.xml,004,בן,he,0,"<w  xml:id=""mger0150-004"" xml:lang=""he""><supplied reason=""lost"">בן</supplied></w>"
mger0150.xml,005,על,he,0,"<w  xml:id=""mger0150-005"" xml:lang=""he""><supplied reason=""lost"">על</supplied></w>"
mger0150.xml,006,אשתו,he,0,"<w  xml:id=""mger0150-006"" xml:lang=""he""><supplied reason=""lost"">אש</supplied>תו</w>"
mger0150.xml,007,ועל,he,0,"<w  xml:id=""mger0150-007"" xml:lang=""he"">ועל</w>"
mger0150.xml,008,בניו,he,0,"<w  xml:id=""mger0150-008"" xml:lang=""he"">בניו</w>"
mger0150.xml,009,לפני,he,0,"<w  xml:id=""mger0150-009"" xml:lang=""he""><supplied reason=""lost"">לפני</supplied></w>"
mger0150.xml,010,אדני,he,0,"<w  xml:id=""mger0150-010"" xml:lang=""he""><supplied reason=""lost"">א</supplied>דני</w>"
mger0150.xml,011,במקדש,he,0,"<w  xml:id=""mger0150-011"" xml:lang=""he"">במקדש</w>"
mikh0001.xml,001,לחנן,he,0,"<w  xml:id=""mikh0001-001"" xml:lang=""he"">לחנן</w>"
mikh0001.xml,002,בן,he,0,"<w  xml:id=""mikh0001-002"" xml:lang=""he"">בן</w>"
mikh0001.xml,003,שכוי,he,0,"<w  xml:id=""mikh0001-003"" xml:lang=""he"">שכוי</w>"
mtsc0001.xml,001,יהוסף,he,0,"<w  xml:id=""mtsc0001-001"" xml:lang=""he"">יהוסף</w>"
mtsc0001.xml,002,בן,he,0,"<w  xml:id=""mtsc0001-002"" xml:lang=""he"">בן</w>"
mtsc0001.xml,003,דניאל,he,0,"<w  xml:id=""mtsc0001-003"" xml:lang=""he"">דניאל</w>"
mtsc0002.xml,001,אלישע,he,0,"<w  xml:id=""mtsc0002-001"" xml:lang=""he"">אלישע</w>"
neta0001.xml,001,קומה,he,0,"<w  xml:id=""neta0001-001"" xml:lang=""he"">קומה</w>"
qumr0001.xml,001,בשנת,he,0,"<w  xml:id=""qumr0001-001"" xml:lang=""he"">בשנת</w>"
qumr0001.xml,002,שתים,he,0,"<w  xml:id=""qumr0001-002"" xml:lang=""he"">שתים</w>"
qumr0001.xml,004,בירחו,he,0,"<w  xml:id=""qumr0001-004"" xml:lang=""he"">בירחו</w>"
qumr0001.xml,005,נתן,he,0,"<w  xml:id=""qumr0001-005"" xml:lang=""he"">נתן</w>"
qumr0001.xml,006,חני,he,0,"<w  xml:id=""qumr0001-006"" xml:lang=""he"">חני</w>"
qumr0001.xml,007,בן,he,0,"<w  xml:id=""qumr0001-007"" xml:lang=""he"">ב<supplied reason=""lost"">ן</supplied></w>"
qumr0001.xml,008,לאלעזר,he,0,"<w  xml:id=""qumr0001-008"" xml:lang=""he"">לאלעזר</w>"
qumr0001.xml,009,בן,he,0,"<w  xml:id=""qumr0001-009"" xml:lang=""he"">בן</w>"
qumr0001.xml,010,נחמני,he,0,"<w  xml:id=""qumr0001-010"" xml:lang=""he"">נח<unclear>מ</unclear>ני</w>"
qumr0001.xml,011,את,he,0,"<w  xml:id=""qumr0001-011"" xml:lang=""he"">את</w>"
qumr0001.xml,012,חסדי,he,0,"<w  xml:id=""qumr0001-012"" xml:lang=""he"">חסדי</w>"
qumr0001.xml,013,מחולנ,he,0,"<w  xml:id=""qumr0001-013"" xml:lang=""he"">מחולנ</w>"
qumr0001.xml,014,מהיום,he,0,"<w  xml:id=""qumr0001-014"" xml:lang=""he"">מ<unclear>ה</unclear>יום</w>"
qumr0001.xml,015,הזה,he,0,"<w  xml:id=""qumr0001-015"" xml:lang=""he"">ה<unclear>ז</unclear>ה</w>"
qumr0001.xml,016,לעולם,he,0,"<w  xml:id=""qumr0001-016"" xml:lang=""he"">ל<supplied reason=""omitted"">ע</supplied>ול<supplied reason=""lost"">ם</supplied></w>"
qumr0001.xml,017,ואת,he,0,"<w  xml:id=""qumr0001-017"" xml:lang=""he"">וא<supplied reason=""omitted"">ת</supplied></w>"
qumr0001.xml,018,תחומי,he,0,"<w  xml:id=""qumr0001-018"" xml:lang=""he"">תחומ<unclear>י</unclear></w>"
qumr0001.xml,019,הביט,he,0,"<w  xml:id=""qumr0001-019"" xml:lang=""he"">הביט</w>"
qumr0001.xml,021,והתאנים,he,0,"<w  xml:id=""qumr0001-021"" xml:lang=""he"">והתאנים</w>"
qumr0001.xml,022,הזיתים,he,0,"<w  xml:id=""qumr0001-022"" xml:lang=""he"">הזי<supplied reason=""lost"">תים</supplied></w>"
qumr0001.xml,023,וכמלותו,he,0,"<w  xml:id=""qumr0001-023"" xml:lang=""he"">וכ<unclear>מ</unclear>לותו</w>"
qumr0001.xml,024,ליחד,he,0,"<w  xml:id=""qumr0001-024"" xml:lang=""he"">ליחד</w>"
qumr0001.xml,026,לו,he,0,"<w  xml:id=""qumr0001-026"" xml:lang=""he"">לו</w>"
qumr0001.xml,027,את,he,0,"<w  xml:id=""qumr0001-027"" xml:lang=""he"">את</w>"
qumr0001.xml,028,חסדי,he,0,"<w  xml:id=""qumr0001-028"" xml:lang=""he""><unclear>חס</unclear><supplied reason=""lost"">די</supplied></w>"
qumr0001.xml,029,ואת,he,0,"<w  xml:id=""qumr0001-029"" xml:lang=""he"">ואת</w>"
qumr0001.xml,034,חסדי,he,0,"<w  xml:id=""qumr0001-034"" xml:lang=""he"">חסד<unclear>י</unclear></w>"
qumr0001.xml,035,עבד,he,0,"<w  xml:id=""qumr0001-035"" xml:lang=""he"">עבד</w>"
qumr0001.xml,036,חני,he,0,"<w  xml:id=""qumr0001-036"" xml:lang=""he""><unclear>ח</unclear><supplied reason=""lost"">ני</supplied></w>"
qumr0001.xml,037,מן,he,0,"<w  xml:id=""qumr0001-037"" xml:lang=""he""><supplied reason=""lost"">מן</supplied></w>"
qumr0001.xml,038,חלון,he,0,"<w  xml:id=""qumr0001-038"" xml:lang=""he"">חלון</w>"
qumr0002.xml,005,יהוסף,he,0,"<w  xml:id=""qumr0002-005"" xml:lang=""he""><supplied reason=""lost"">יהוס</supplied>ף</w>"
qumr0002.xml,006,בן,he,0,"<w  xml:id=""qumr0002-006"" xml:lang=""he"">בן</w>"
qumr0002.xml,007,נתן,he,0,"<w  xml:id=""qumr0002-007"" xml:lang=""he"">נת<unclear>ן</unclear></w>"
qumr0002.xml,008,בניו,he,0,"<w  xml:id=""qumr0002-008"" xml:lang=""he""><supplied reason=""lost"">ב</supplied>ניו</w>"
qumr0002.xml,009,מעין,he,0,"<w  xml:id=""qumr0002-009"" xml:lang=""he"">מעי<unclear>ן</unclear></w>"
sepp0100.xml,001,אפמלס,he,0,"<w  xml:id=""sepp0100-001"" xml:lang=""he"">אפמלס</w>"
shap0002.xml,001,חנניה,he,0,"<w  xml:id=""shap0002-001"" xml:lang=""he"">חנניה</w>"
shap0002.xml,002,בן,he,0,"<w  xml:id=""shap0002-002"" xml:lang=""he"">בן</w>"
shap0002.xml,003,שמעון,he,0,"<w  xml:id=""shap0002-003"" xml:lang=""he"">שמעון</w>"
shap0003.xml,001,חנניה,he,0,"<w  xml:id=""shap0003-001"" xml:lang=""he"">חנניה</w>"
shap0003.xml,002,בן,he,0,"<w  xml:id=""shap0003-002"" xml:lang=""he"">בן</w>"
shap0003.xml,003,שמעון,he,0,"<w  xml:id=""shap0003-003"" xml:lang=""he"">שמעון</w>"
shap0004.xml,001,שאול,he,0,"<w  xml:id=""shap0004-001"" xml:lang=""he"">שאול</w>"
thar0001.xml,001,לחנונה,he,0,"<w  xml:id=""thar0001-001"" xml:lang=""he"">לחנונה</w>"
thar0001.xml,002,יהוד,he,0,"<w  xml:id=""thar0001-002"" xml:lang=""he"">יהוד</w>"
tibe0001.xml,001,טלה,he,0,"<w  xml:id=""tibe0001-001"" xml:lang=""he"">טלה</w>"
tibe0001.xml,002,שור,he,0,"<w  xml:id=""tibe0001-002"" xml:lang=""he"">שור</w>"
tibe0001.xml,003,תאומים,he,0,"<w  xml:id=""tibe0001-003"" xml:lang=""he""><supplied reason=""undefined"">תאומ</supplied>ים</w>"
tibe0001.xml,004,אריה,he,0,"<w  xml:id=""tibe0001-004"" xml:lang=""he"">אריה</w>"
tibe0001.xml,005,בתולה,he,0,"<w  xml:id=""tibe0001-005"" xml:lang=""he"">בתולה</w>"
tibe0001.xml,006,מוזנים,he,0,"<w  xml:id=""tibe0001-006"" xml:lang=""he"">מוזנים</w>"
tibe0001.xml,007,גדי,he,0,"<w  xml:id=""tibe0001-007"" xml:lang=""he"">גדי</w>"
tibe0001.xml,008,דלי,he,0,"<w  xml:id=""tibe0001-008"" xml:lang=""he"">דלי</w>"
tibe0001.xml,009,דגים,he,0,"<w  xml:id=""tibe0001-009"" xml:lang=""he"">דגים</w>"
tibe0002.xml,001,תקופת,he,0,"<w  xml:id=""tibe0002-001"" xml:lang=""he"">תקופת</w>"
tibe0002.xml,002,ניסן,he,0,"<w  xml:id=""tibe0002-002"" xml:lang=""he"">ניסן</w>"
tibe0007.xml,001,תקופת,he,0,"<w  xml:id=""tibe0007-001"" xml:lang=""he"">תקופת</w>"
tibe0007.xml,002,תמוז,he,0,"<w  xml:id=""tibe0007-002"" xml:lang=""he"">תמוז</w>"
tibe0008.xml,001,תקופת,he,0,"<w  xml:id=""tibe0008-001"" xml:lang=""he"">תקופת</w>"
tibe0008.xml,002,תשרי,he,0,"<w  xml:id=""tibe0008-002"" xml:lang=""he"">תשרי</w>"
tibe0009.xml,001,תקופת,he,0,"<w  xml:id=""tibe0009-001"" xml:lang=""he"">תקופת</w>"
tibe0009.xml,002,טבת,he,0,"<w  xml:id=""tibe0009-002"" xml:lang=""he""><supplied reason=""undefined"">טבת</supplied></w>"
unkn0100.xml,001,בוטא,he,0,"<w  xml:id=""unkn0100-001"" xml:lang=""he"">בוטא</w>"
unkn0102.xml,001,א,he,0,"<w  xml:id=""unkn0102-001"" xml:lang=""he"">א</w>"
unkn0102.xml,002,ב,he,0,"<w  xml:id=""unkn0102-002"" xml:lang=""he"">ב</w>"
unkn0102.xml,003,ג,he,0,"<w  xml:id=""unkn0102-003"" xml:lang=""he"">ג</w>"
unkn0102.xml,004,ד,he,0,"<w  xml:id=""unkn0102-004"" xml:lang=""he"">ד</w>"
unkn0102.xml,005,ה,he,0,"<w  xml:id=""unkn0102-005"" xml:lang=""he"">ה</w>"
unkn0102.xml,006,ו,he,0,"<w  xml:id=""unkn0102-006"" xml:lang=""he"">ו</w>"
unkn0102.xml,007,ז,he,0,"<w  xml:id=""unkn0102-007"" xml:lang=""he"">ז</w>"
unkn0102.xml,008,ח,he,0,"<w  xml:id=""unkn0102-008"" xml:lang=""he"">ח</w>"
unkn0102.xml,009,ט,he,0,"<w  xml:id=""unkn0102-009"" xml:lang=""he"">ט</w>"
unkn0102.xml,010,י,he,0,"<w  xml:id=""unkn0102-010"" xml:lang=""he"">י</w>"
unkn0102.xml,011,כ,he,0,"<w  xml:id=""unkn0102-011"" xml:lang=""he"">כ</w>"
unkn0102.xml,012,ל,he,0,"<w  xml:id=""unkn0102-012"" xml:lang=""he"">ל</w>"
unkn0102.xml,013,מ,he,0,"<w  xml:id=""unkn0102-013"" xml:lang=""he"">מ</w>"
unkn0102.xml,014,נ,he,0,"<w  xml:id=""unkn0102-014"" xml:lang=""he"">נ</w>"
unkn0103.xml,001,ברוך,he,0,"<w  xml:id=""unkn0103-001"" xml:lang=""he"">ברוך</w>"
unkn0103.xml,002,אלהנו,he,0,"<w  xml:id=""unkn0103-002"" xml:lang=""he"">אלהנו</w>"
unkn0103.xml,003,לעולם,he,0,"<w  xml:id=""unkn0103-003"" xml:lang=""he""><supplied reason=""lost"">ל</supplied>עולם</w>"
unkn0103.xml,004,ברוך,he,0,"<w  xml:id=""unkn0103-004"" xml:lang=""he"">ברו<supplied reason=""lost"">ך</supplied></w>"
unkn0103.xml,005,שמו,he,0,"<w  xml:id=""unkn0103-005"" xml:lang=""he""><supplied reason=""lost"">ש</supplied>מו</w>"
unkn0103.xml,006,לעולם,he,0,"<w  xml:id=""unkn0103-006"" xml:lang=""he"">ל<supplied reason=""lost"">עולם</supplied></w>"
